Python Backend Developer,Geektrust,"Bengaluru, Karnataka, India",https://in.linkedin.com/jobs/view/python-backend-developer-at-geektrust-3809008239?refId=0ygjiLeqzQmkkzSo7Jeh1A%3D%3D&trackingId=qglW%2BD%2Bv8%2Bq0VzIjqRZBKg%3D%3D&position=1&pageNum=0&trk=public_jobs_jserp-result_search-card
Python Developer Trainee,Datametrics Technologies,"Warangal, Telangana, India",https://in.linkedin.com/jobs/view/python-developer-trainee-at-datametrics-technologies-3812922657?refId=0ygjiLeqzQmkkzSo7Jeh1A%3D%3D&trackingId=VDEYl6E1Ksn4M0eSQUpIrA%3D%3D&position=2&pageNum=0&trk=public_jobs_jserp-result_search-card
Python Developer Trainee,Datametrics Technologies,"Mangaluru, Karnataka, India",https://in.linkedin.com/jobs/view/python-developer-trainee-at-datametrics-technologies-3812922656?refId=0ygjiLeqzQmkkzSo7Jeh1A%3D%3D&trackingId=y9%2Btzw%2FIAXbT8n8UBwoH7g%3D%3D&position=3&pageNum=0&trk=public_jobs_jserp-result_search-card
Python Developer Trainee,Datametrics Technologies,"Coimbatore, Tamil Nadu, India",https://in.linkedin.com/jobs/view/python-developer-trainee-at-datametrics-technologies-3812927266?refId=0ygjiLeqzQmkkzSo7Jeh1A%3D%3D&trackingId=2IJtEm4hLUB0g1Lp8qycPQ%3D%3D&position=4&pageNum=0&trk=public_jobs_jserp-result_search-card
Python Developer Trainee,Datametrics Technologies,"Kozhikode, Kerala, India",https://in.linkedin.com/jobs/view/python-developer-trainee-at-datametrics-technologies-3812924455?refId=0ygjiLeqzQmkkzSo7Jeh1A%3D%3D&trackingId=qTzX6knm4s95bQXMTg%2BLow%3D%3D&position=5&pageNum=0&trk=public_jobs_jserp-result_search-card
Python Developer Trainee,Datametrics Technologies,"Salem, Tamil Nadu, India",https://in.linkedin.com/jobs/view/python-developer-trainee-at-datametrics-technologies-3812923530?refId=0ygjiLeqzQmkkzSo7Jeh1A%3D%3D&trackingId=S9MhyNVP%2BXc4EU0mtAe6bA%3D%3D&position=6&pageNum=0&trk=public_jobs_jserp-result_search-card
Python Developer Trainee,Datametrics Technologies,"Chennai, Tamil Nadu, India",https://in.linkedin.com/jobs/view/python-developer-trainee-at-datametrics-technologies-3812929156?refId=0ygjiLeqzQmkkzSo7Jeh1A%3D%3D&trackingId=XekPcgvMqKVDCDo3luIr2w%3D%3D&position=7&pageNum=0&trk=public_jobs_jserp-result_search-card
Python Developer Trainee,Datametrics Technologies,"Madurai, Tamil Nadu, India",https://in.linkedin.com/jobs/view/python-developer-trainee-at-datametrics-technologies-3812923596?refId=0ygjiLeqzQmkkzSo7Jeh1A%3D%3D&trackingId=Tzt3V3%2FcC0qAFqeCuJdNew%3D%3D&position=8&pageNum=0&trk=public_jobs_jserp-result_search-card
Python Developer,Resulticks,"Chennai, Tamil Nadu, India",https://in.linkedin.com/jobs/view/python-developer-at-resulticks-3809620111?refId=0ygjiLeqzQmkkzSo7Jeh1A%3D%3D&trackingId=wC10pfi9S%2F1uctSrIbaENw%3D%3D&position=9&pageNum=0&trk=public_jobs_jserp-result_search-card
Python developer,Fusion Plus Solutions Inc,"Hyderabad, Telangana, India",https://in.linkedin.com/jobs/view/python-developer-at-fusion-plus-solutions-inc-3808368785?refId=0ygjiLeqzQmkkzSo7Jeh1A%3D%3D&trackingId=K7HMEXtR8d1FJtuiIIMAEA%3D%3D&position=10&pageNum=0&trk=public_jobs_jserp-result_search-card
Programador/a Python: 100% remoto,Consultia IT,"Sector 2 Block CL, West Bengal, India",https://in.linkedin.com/jobs/view/programador-a-python-100%25-remoto-at-consultia-it-3809021463?refId=0ygjiLeqzQmkkzSo7Jeh1A%3D%3D&trackingId=INNitrgQ1nekp%2BqkJPyoig%3D%3D&position=11&pageNum=0&trk=public_jobs_jserp-result_search-card
Python Developer | 2024CBIN01005/19316,MINDVERSE CONSULTING SERVICES,"Noida, Uttar Pradesh, India",https://in.linkedin.com/jobs/view/python-developer-2024cbin01005-19316-at-mindverse-consulting-services-3813374913?refId=0ygjiLeqzQmkkzSo7Jeh1A%3D%3D&trackingId=PorEFSWIKZNqCxgAZrIfhQ%3D%3D&position=12&pageNum=0&trk=public_jobs_jserp-result_search-card
Python + OCR,Intuitive Apps Inc.,"Navi Mumbai, Maharashtra, India",https://in.linkedin.com/jobs/view/python-%2B-ocr-at-intuitive-apps-inc-3812731619?refId=0ygjiLeqzQmkkzSo7Jeh1A%3D%3D&trackingId=QKNRrgQ5uGqIeKY7UPcYmg%3D%3D&position=13&pageNum=0&trk=public_jobs_jserp-result_search-card
Data Analyst,adidas,"Gurgaon, Haryana, India",https://in.linkedin.com/jobs/view/data-analyst-at-adidas-3811819960?refId=0ygjiLeqzQmkkzSo7Jeh1A%3D%3D&trackingId=1IyNi%2F%2BCG18K2PXQ2wl0Ew%3D%3D&position=14&pageNum=0&trk=public_jobs_jserp-result_search-card
Data Analyst Intern,Datametrics Technologies,"Chennai, Tamil Nadu, India",https://in.linkedin.com/jobs/view/data-analyst-intern-at-datametrics-technologies-3812924459?refId=0ygjiLeqzQmkkzSo7Jeh1A%3D%3D&trackingId=kx8Zb6FeMzQV%2BA9X8oKfKQ%3D%3D&position=15&pageNum=0&trk=public_jobs_jserp-result_search-card
Junior Python Developer,PloPdo,"Noida, Uttar Pradesh, India",https://in.linkedin.com/jobs/view/junior-python-developer-at-plopdo-3811768524?refId=0ygjiLeqzQmkkzSo7Jeh1A%3D%3D&trackingId=NQNksNxqXTXy0opNuYGgDw%3D%3D&position=16&pageNum=0&trk=public_jobs_jserp-result_search-card
Data Scientist,Protium,"Bengaluru, Karnataka, India",https://in.linkedin.com/jobs/view/data-scientist-at-protium-3812748515?refId=0ygjiLeqzQmkkzSo7Jeh1A%3D%3D&trackingId=U8GtIzLQvO3WmmkRCrCLMg%3D%3D&position=17&pageNum=0&trk=public_jobs_jserp-result_search-card
Python Django Developer,Element8,"Kozhikode, Kerala, India",https://in.linkedin.com/jobs/view/python-django-developer-at-element8-3812740895?refId=0ygjiLeqzQmkkzSo7Jeh1A%3D%3D&trackingId=%2BQtGGBNEzPf%2Botb01k8xpQ%3D%3D&position=18&pageNum=0&trk=public_jobs_jserp-result_search-card
Python Developer | 2024CBIN01001/19179,MINDVERSE CONSULTING SERVICES,"Noida, Uttar Pradesh, India",https://in.linkedin.com/jobs/view/python-developer-2024cbin01001-19179-at-mindverse-consulting-services-3813379228?refId=0ygjiLeqzQmkkzSo7Jeh1A%3D%3D&trackingId=7h1Hav3ERvGaYqLxw5VGow%3D%3D&position=19&pageNum=0&trk=public_jobs_jserp-result_search-card
Associate Business Analytics,Freshworks,"Chennai, Tamil Nadu, India",https://in.linkedin.com/jobs/view/associate-business-analytics-at-freshworks-3812486744?refId=0ygjiLeqzQmkkzSo7Jeh1A%3D%3D&trackingId=BlkTWo4q5RTZByZfuN6%2BLg%3D%3D&position=20&pageNum=0&trk=public_jobs_jserp-result_search-card
Data Scientist,Ujjivan Small Finance Bank,"Bangalore Urban, Karnataka, India",https://in.linkedin.com/jobs/view/data-scientist-at-ujjivan-small-finance-bank-3808378413?refId=0ygjiLeqzQmkkzSo7Jeh1A%3D%3D&trackingId=ljP%2FvxcyUPvV1NOt%2FE6KuQ%3D%3D&position=21&pageNum=0&trk=public_jobs_jserp-result_search-card
Data Engineer,Fusemachines,"Pune, Maharashtra, India",https://in.linkedin.com/jobs/view/data-engineer-at-fusemachines-3812962609?refId=0ygjiLeqzQmkkzSo7Jeh1A%3D%3D&trackingId=NrqCjtPGdQoDbZuBRza%2FcA%3D%3D&position=22&pageNum=0&trk=public_jobs_jserp-result_search-card
Data Modeller,Findem,"Bengaluru, Karnataka, India",https://in.linkedin.com/jobs/view/data-modeller-at-findem-3808387696?refId=0ygjiLeqzQmkkzSo7Jeh1A%3D%3D&trackingId=zhZ9KLsJXoJwMgSIDRnbwA%3D%3D&position=23&pageNum=0&trk=public_jobs_jserp-result_search-card
Python Developer Trainee,Datametrics Technologies,"Mangaluru, Karnataka, India",https://in.linkedin.com/jobs/view/python-developer-trainee-at-datametrics-technologies-3812922656?refId=G%2BHZF7ZbG%2FYePiP4L4dFPQ%3D%3D&trackingId=F%2FLiOatRnUcAA84A5YDidQ%3D%3D&position=1&pageNum=0&trk=public_jobs_jserp-result_search-card
Python Developer Trainee,Datametrics Technologies,"Warangal, Telangana, India",https://in.linkedin.com/jobs/view/python-developer-trainee-at-datametrics-technologies-3812922657?refId=G%2BHZF7ZbG%2FYePiP4L4dFPQ%3D%3D&trackingId=I1%2B8rKb5dZ1zIZIFojLFPg%3D%3D&position=2&pageNum=0&trk=public_jobs_jserp-result_search-card
Python Developer Trainee,Datametrics Technologies,"Coimbatore, Tamil Nadu, India",https://in.linkedin.com/jobs/view/python-developer-trainee-at-datametrics-technologies-3812927266?refId=G%2BHZF7ZbG%2FYePiP4L4dFPQ%3D%3D&trackingId=1wJpStqw7JI3u9LyTd9EXw%3D%3D&position=3&pageNum=0&trk=public_jobs_jserp-result_search-card
Python Developer Trainee,Datametrics Technologies,"Salem, Tamil Nadu, India",https://in.linkedin.com/jobs/view/python-developer-trainee-at-datametrics-technologies-3812923530?refId=G%2BHZF7ZbG%2FYePiP4L4dFPQ%3D%3D&trackingId=kG9BozwVbxu5kgcG%2FUR2ew%3D%3D&position=4&pageNum=0&trk=public_jobs_jserp-result_search-card
Python Developer Trainee,Datametrics Technologies,"Chennai, Tamil Nadu, India",https://in.linkedin.com/jobs/view/python-developer-trainee-at-datametrics-technologies-3812929156?refId=G%2BHZF7ZbG%2FYePiP4L4dFPQ%3D%3D&trackingId=2HBKShjaoZNdASrOTvsyGA%3D%3D&position=5&pageNum=0&trk=public_jobs_jserp-result_search-card
Python Developer Trainee,Datametrics Technologies,"Kozhikode, Kerala, India",https://in.linkedin.com/jobs/view/python-developer-trainee-at-datametrics-technologies-3812924455?refId=G%2BHZF7ZbG%2FYePiP4L4dFPQ%3D%3D&trackingId=yH4bI7svQoweaeXrk%2Fr8bw%3D%3D&position=6&pageNum=0&trk=public_jobs_jserp-result_search-card
Python Developer Trainee,Datametrics Technologies,"Madurai, Tamil Nadu, India",https://in.linkedin.com/jobs/view/python-developer-trainee-at-datametrics-technologies-3812923596?refId=G%2BHZF7ZbG%2FYePiP4L4dFPQ%3D%3D&trackingId=JiTUykQB%2Fs8ddgHnePfhOg%3D%3D&position=7&pageNum=0&trk=public_jobs_jserp-result_search-card
Python Backend Developer,Geektrust,"Bengaluru, Karnataka, India",https://in.linkedin.com/jobs/view/python-backend-developer-at-geektrust-3809008239?refId=G%2BHZF7ZbG%2FYePiP4L4dFPQ%3D%3D&trackingId=mOehcKQfnzzGhpHqTuEIPw%3D%3D&position=8&pageNum=0&trk=public_jobs_jserp-result_search-card
Reporting Analyst (Operation Analyst),Deutsche Bank,"Bengaluru, Karnataka, India",https://in.linkedin.com/jobs/view/reporting-analyst-operation-analyst-at-deutsche-bank-3796959906?refId=G%2BHZF7ZbG%2FYePiP4L4dFPQ%3D%3D&trackingId=NM3VPB7TZ%2BU8dFwb0oFggw%3D%3D&position=9&pageNum=0&trk=public_jobs_jserp-result_search-card
Software Engineer,Microsoft,"Hyderabad, Telangana, India",https://in.linkedin.com/jobs/view/software-engineer-at-microsoft-3808399449?refId=G%2BHZF7ZbG%2FYePiP4L4dFPQ%3D%3D&trackingId=h4qrl2%2FyA1tSV0Yxq5gvWg%3D%3D&position=10&pageNum=0&trk=public_jobs_jserp-result_search-card
Production Engineer,Armstrong Fluid Technology,"Bengaluru East, Karnataka, India",https://in.linkedin.com/jobs/view/production-engineer-at-armstrong-fluid-technology-3783881862?refId=G%2BHZF7ZbG%2FYePiP4L4dFPQ%3D%3D&trackingId=mOAfCe3vFevb30e2OFaX5w%3D%3D&position=11&pageNum=0&trk=public_jobs_jserp-result_search-card
Python Developer,Resulticks,"Chennai, Tamil Nadu, India",https://in.linkedin.com/jobs/view/python-developer-at-resulticks-3809620111?refId=G%2BHZF7ZbG%2FYePiP4L4dFPQ%3D%3D&trackingId=0Zv0i9jQYeoMiAu6gIEKDw%3D%3D&position=12&pageNum=0&trk=public_jobs_jserp-result_search-card
Python developer,Fusion Plus Solutions Inc,"Hyderabad, Telangana, India",https://in.linkedin.com/jobs/view/python-developer-at-fusion-plus-solutions-inc-3808368785?refId=G%2BHZF7ZbG%2FYePiP4L4dFPQ%3D%3D&trackingId=kjRenK8Alz%2FMEvLjOedLOw%3D%3D&position=13&pageNum=0&trk=public_jobs_jserp-result_search-card
Programador/a Python: 100% remoto,Consultia IT,"Sector 2 Block CL, West Bengal, India",https://in.linkedin.com/jobs/view/programador-a-python-100%25-remoto-at-consultia-it-3809021463?refId=G%2BHZF7ZbG%2FYePiP4L4dFPQ%3D%3D&trackingId=Fj3MaZF6WQk5Jg3qLd2%2FVg%3D%3D&position=14&pageNum=0&trk=public_jobs_jserp-result_search-card
Developer Associate,SAP,"Bengaluru East, Karnataka, India",https://in.linkedin.com/jobs/view/developer-associate-at-sap-3811826022?refId=G%2BHZF7ZbG%2FYePiP4L4dFPQ%3D%3D&trackingId=%2BEZ%2B5s6F4UQz6esyBylKig%3D%3D&position=15&pageNum=0&trk=public_jobs_jserp-result_search-card
Data Analyst Intern,Datametrics Technologies,"Chennai, Tamil Nadu, India",https://in.linkedin.com/jobs/view/data-analyst-intern-at-datametrics-technologies-3812924459?refId=G%2BHZF7ZbG%2FYePiP4L4dFPQ%3D%3D&trackingId=31Fj7f8YLJMtoplnH3%2F9nA%3D%3D&position=16&pageNum=0&trk=public_jobs_jserp-result_search-card
Python + OCR,Intuitive Apps Inc.,"Navi Mumbai, Maharashtra, India",https://in.linkedin.com/jobs/view/python-%2B-ocr-at-intuitive-apps-inc-3812731619?refId=G%2BHZF7ZbG%2FYePiP4L4dFPQ%3D%3D&trackingId=73p4qOwYWsKhFfEGp0Btbw%3D%3D&position=17&pageNum=0&trk=public_jobs_jserp-result_search-card
Python Developer | 2024CBIN01005/19316,MINDVERSE CONSULTING SERVICES,"Noida, Uttar Pradesh, India",https://in.linkedin.com/jobs/view/python-developer-2024cbin01005-19316-at-mindverse-consulting-services-3813374913?refId=G%2BHZF7ZbG%2FYePiP4L4dFPQ%3D%3D&trackingId=%2BGZHK1CIBPE5%2F3Gop6gUmA%3D%3D&position=18&pageNum=0&trk=public_jobs_jserp-result_search-card
SDE Intern (2023-2024),Upstox,"Mumbai, Maharashtra, India",https://in.linkedin.com/jobs/view/sde-intern-2023-2024-at-upstox-3809007539?refId=G%2BHZF7ZbG%2FYePiP4L4dFPQ%3D%3D&trackingId=GRKpFjXg0370QuQzyH7YFw%3D%3D&position=19&pageNum=0&trk=public_jobs_jserp-result_search-card
Back End Developer-Python,Upswing-Cognitive Hospitality Solutions,"Pune, Maharashtra, India",https://in.linkedin.com/jobs/view/back-end-developer-python-at-upswing-cognitive-hospitality-solutions-3811799990?refId=G%2BHZF7ZbG%2FYePiP4L4dFPQ%3D%3D&trackingId=%2F%2BOxb6xu2xnbl77Q6GNoEA%3D%3D&position=20&pageNum=0&trk=public_jobs_jserp-result_search-card
Product Analyst - Bangalore/Remote,Rocket Learning,"Bengaluru, Karnataka, India",https://in.linkedin.com/jobs/view/product-analyst-bangalore-remote-at-rocket-learning-3812738150?refId=G%2BHZF7ZbG%2FYePiP4L4dFPQ%3D%3D&trackingId=l%2FjRzSsUSHnlz3w8bkc8qg%3D%3D&position=21&pageNum=0&trk=public_jobs_jserp-result_search-card
ReactJS Developer,KPMG India,"Gurugram, Haryana, India",https://in.linkedin.com/jobs/view/reactjs-developer-at-kpmg-india-3813439674?refId=G%2BHZF7ZbG%2FYePiP4L4dFPQ%3D%3D&trackingId=tSylh%2BYLnE1WAUdpSDtKzw%3D%3D&position=23&pageNum=0&trk=public_jobs_jserp-result_search-card
Software Engineer 2,Microsoft,"Bengaluru, Karnataka, India",https://in.linkedin.com/jobs/view/software-engineer-2-at-microsoft-3808399445?refId=G%2BHZF7ZbG%2FYePiP4L4dFPQ%3D%3D&trackingId=uOKJ9yZa1hPVyWgB1r7mGA%3D%3D&position=24&pageNum=0&trk=public_jobs_jserp-result_search-card
