Microsoft Dynamics 365 F&O Developer                                       ,RapidBrains                                                                ,"Bengaluru, Karnataka, India"       ,https://in.linkedin.com/jobs/view/microsoft-dynamics-365-f-o-developer-at-rapidbrains-3813182067?refId=mOaUNTQO%2B8h570Y33R%2BPYg%3D%3D&trackingId=ILPc55DcS77KWo8G9xhuzQ%3D%3D&position=1&pageNum=0&trk=public_jobs_jserp-result_search-card
Microsoft Dynamics Engineer                                                ,Talent Smart                                                               ,"Hyderabad, Telangana, India"       ,https://in.linkedin.com/jobs/view/microsoft-dynamics-engineer-at-talent-smart-3813061309?refId=mOaUNTQO%2B8h570Y33R%2BPYg%3D%3D&trackingId=dieEy21NBrmNLs3mteo3%2FA%3D%3D&position=2&pageNum=0&trk=public_jobs_jserp-result_search-card
GPS_TC_FO_Getinz                                                           ,Getinz                                                                     ,"Chennai, Tamil Nadu, India"        ,https://in.linkedin.com/jobs/view/gps-tc-fo-getinz-at-getinz-3817406529?refId=mOaUNTQO%2B8h570Y33R%2BPYg%3D%3D&trackingId=Wl5iXDMIuvZQIJbcM8b1yQ%3D%3D&position=3&pageNum=0&trk=public_jobs_jserp-result_search-card
Microsoft Dynamics Consultant                                              ,VAYUZ Technologies                                                         ,"Mumbai, Maharashtra, India"        ,https://in.linkedin.com/jobs/view/microsoft-dynamics-consultant-at-vayuz-technologies-3816331423?refId=mOaUNTQO%2B8h570Y33R%2BPYg%3D%3D&trackingId=NONUD%2FM1PbCoVRCailo5ew%3D%3D&position=4&pageNum=0&trk=public_jobs_jserp-result_search-card
Microsoft Dynamics 365 F&O Technical Consultant                            ,AXTechnosoft                                                               ,"Gurugram, Haryana, India"          ,https://in.linkedin.com/jobs/view/microsoft-dynamics-365-f-o-technical-consultant-at-axtechnosoft-3817547527?refId=mOaUNTQO%2B8h570Y33R%2BPYg%3D%3D&trackingId=YmNgM%2F5RtqgYihQRu3Evdw%3D%3D&position=5&pageNum=0&trk=public_jobs_jserp-result_search-card
Dynamics CRM 365                                                           ,Enuke Software Pvt Ltd                                                     ,India                               ,https://in.linkedin.com/jobs/view/dynamics-crm-365-at-enuke-software-pvt-ltd-3816350273?refId=mOaUNTQO%2B8h570Y33R%2BPYg%3D%3D&trackingId=oANOsqyFPaTgEN4Un2fZEg%3D%3D&position=6&pageNum=0&trk=public_jobs_jserp-result_search-card
Sr Microsoft Dynamics developer                                            ,Siemens                                                                    ,"Bengaluru, Karnataka, India"       ,https://in.linkedin.com/jobs/view/sr-microsoft-dynamics-developer-at-siemens-3797567642?refId=mOaUNTQO%2B8h570Y33R%2BPYg%3D%3D&trackingId=pGQVvLQ2DcABruYT9mYUrg%3D%3D&position=7&pageNum=0&trk=public_jobs_jserp-result_search-card
dynamic 365 CRM technical consultant                                       ,AviinTech Business Solutions                                               ,India                               ,https://in.linkedin.com/jobs/view/dynamic-365-crm-technical-consultant-at-aviintech-business-solutions-3817528248?refId=mOaUNTQO%2B8h570Y33R%2BPYg%3D%3D&trackingId=IUKMyk384zYhUqwyZlW58g%3D%3D&position=8&pageNum=0&trk=public_jobs_jserp-result_search-card
Dynamics 365 Sales / CE Developer (CRM)                                    ,Techcronus Business Solutions - Microsoft Partner | IAMCP | NASSCOM Member ,"Ahmedabad, Gujarat, India"         ,https://in.linkedin.com/jobs/view/dynamics-365-sales-ce-developer-crm-at-techcronus-business-solutions-microsoft-partner-iamcp-nasscom-member-3816357645?refId=mOaUNTQO%2B8h570Y33R%2BPYg%3D%3D&trackingId=qKQd5bo2FmfNnh0yJdByjA%3D%3D&position=9&pageNum=0&trk=public_jobs_jserp-result_search-card
Technical Consultant D365                                                  ,TekWissen India                                                            ,"Indore, Madhya Pradesh, India"     ,https://in.linkedin.com/jobs/view/technical-consultant-d365-at-tekwissen-india-3813169921?refId=mOaUNTQO%2B8h570Y33R%2BPYg%3D%3D&trackingId=OBVxxRc%2FmmBq4Swv7wWIdg%3D%3D&position=10&pageNum=0&trk=public_jobs_jserp-result_search-card
Lead Consultant - Dynamics 365                                             ,TekWissen India                                                            ,"Pune, Maharashtra, India"          ,https://in.linkedin.com/jobs/view/lead-consultant-dynamics-365-at-tekwissen-india-3813167702?refId=mOaUNTQO%2B8h570Y33R%2BPYg%3D%3D&trackingId=IRLfnIIne3q7nBTmUbdqYQ%3D%3D&position=11&pageNum=0&trk=public_jobs_jserp-result_search-card
Microsoft Dynamics Consultant(Technical)                                   ,Marktine Technology Solutions Pvt Ltd                                      ,India                               ,https://in.linkedin.com/jobs/view/microsoft-dynamics-consultant-technical-at-marktine-technology-solutions-pvt-ltd-3813171263?refId=mOaUNTQO%2B8h570Y33R%2BPYg%3D%3D&trackingId=2AL3Fiq7CUbBr8qyeJcYhQ%3D%3D&position=12&pageNum=0&trk=public_jobs_jserp-result_search-card
MS Dynamics F&O Technical consultant                                       ,Talent Smart                                                               ,India                               ,https://in.linkedin.com/jobs/view/ms-dynamics-f-o-technical-consultant-at-talent-smart-3813032675?refId=mOaUNTQO%2B8h570Y33R%2BPYg%3D%3D&trackingId=tz5QtBsfSU3qfQtTAskI7w%3D%3D&position=13&pageNum=0&trk=public_jobs_jserp-result_search-card
Urgently Hiring || Microsoft Dynamics CRM Technical || 6-15 Years | Remote ,DigitalResumeBox                                                           ,India                               ,https://in.linkedin.com/jobs/view/urgently-hiring-microsoft-dynamics-crm-technical-6-15-years-remote-at-digitalresumebox-3813172190?refId=mOaUNTQO%2B8h570Y33R%2BPYg%3D%3D&trackingId=oBKeK8FpW9rmX62QbeN0jw%3D%3D&position=14&pageNum=0&trk=public_jobs_jserp-result_search-card
Lead Consultant - Dynamics 365                                             ,TekWissen India                                                            ,"Hyderabad, Telangana, India"       ,https://in.linkedin.com/jobs/view/lead-consultant-dynamics-365-at-tekwissen-india-3813164989?refId=mOaUNTQO%2B8h570Y33R%2BPYg%3D%3D&trackingId=nhR9lmqf2tDG7yFieZPR3A%3D%3D&position=15&pageNum=0&trk=public_jobs_jserp-result_search-card
Dynamics SCM Functional Consultant- Hyderabad                              ,Numaware Technologies Private Limited                                      ,"Hyderabad, Telangana, India"       ,https://in.linkedin.com/jobs/view/dynamics-scm-functional-consultant-hyderabad-at-numaware-technologies-private-limited-3816095309?refId=mOaUNTQO%2B8h570Y33R%2BPYg%3D%3D&trackingId=E1S%2FmWcw0ROymKxMjegj%2BA%3D%3D&position=16&pageNum=0&trk=public_jobs_jserp-result_search-card
Dynamics 365 CRM Technical consultant                                      ,Tata Consultancy Services                                                  ,"Pune, Maharashtra, India"          ,https://in.linkedin.com/jobs/view/dynamics-365-crm-technical-consultant-at-tata-consultancy-services-3813067183?refId=mOaUNTQO%2B8h570Y33R%2BPYg%3D%3D&trackingId=l5xWX5MHzKggaF9vtlXk%2Fw%3D%3D&position=17&pageNum=0&trk=public_jobs_jserp-result_search-card
Lead Consultant - Dynamics 365                                             ,TekWissen India                                                            ,"Hyderabad, Telangana, India"       ,https://in.linkedin.com/jobs/view/lead-consultant-dynamics-365-at-tekwissen-india-3813066602?refId=mOaUNTQO%2B8h570Y33R%2BPYg%3D%3D&trackingId=QyuprLTJFqtKv%2FoUzgNsxA%3D%3D&position=18&pageNum=0&trk=public_jobs_jserp-result_search-card
Senior Dynamics 365 F&O Technical Consultant                               ,TekWissen India                                                            ,"Hyderabad, Telangana, India"       ,https://in.linkedin.com/jobs/view/senior-dynamics-365-f-o-technical-consultant-at-tekwissen-india-3813171122?refId=mOaUNTQO%2B8h570Y33R%2BPYg%3D%3D&trackingId=FxLU%2BTGe2nG7tqhkP5Zcfg%3D%3D&position=19&pageNum=0&trk=public_jobs_jserp-result_search-card
System Analyst – F&O                                                       ,PreludeSys                                                                 ,"Chennai, Tamil Nadu, India"        ,https://in.linkedin.com/jobs/view/system-analyst-%E2%80%93-f-o-at-preludesys-3815756284?refId=mOaUNTQO%2B8h570Y33R%2BPYg%3D%3D&trackingId=tKLJYIJG4ji9KconHiDFLg%3D%3D&position=20&pageNum=0&trk=public_jobs_jserp-result_search-card
Microsoft Dynamics 365 QA Engineer                                         ,PAR Technology                                                             ,"Gurugram, Haryana, India"          ,https://in.linkedin.com/jobs/view/microsoft-dynamics-365-qa-engineer-at-par-technology-3813181910?refId=mOaUNTQO%2B8h570Y33R%2BPYg%3D%3D&trackingId=d0k4KaPTL4eZTWklEtJ3mg%3D%3D&position=22&pageNum=0&trk=public_jobs_jserp-result_search-card
MS Dynamic 365 Finance and Operation Technical Consultant                  ,Snapminds Global (Snapminds Technolgies LLP)                               ,"Bengaluru, Karnataka, India"       ,https://in.linkedin.com/jobs/view/ms-dynamic-365-finance-and-operation-technical-consultant-at-snapminds-global-snapminds-technolgies-llp-3813177236?refId=mOaUNTQO%2B8h570Y33R%2BPYg%3D%3D&trackingId=gg03ufxNYBgPDAPi38GRgw%3D%3D&position=23&pageNum=0&trk=public_jobs_jserp-result_search-card
Business Analyst                                                           ,Appitsimple Infotek Pvt. Ltd.                                              ,"Ahmedabad, Gujarat, India"         ,https://in.linkedin.com/jobs/view/business-analyst-at-appitsimple-infotek-pvt-ltd-3816306508?refId=mOaUNTQO%2B8h570Y33R%2BPYg%3D%3D&trackingId=spnc96ULgbHB2wP0ZT2ZiQ%3D%3D&position=24&pageNum=0&trk=public_jobs_jserp-result_search-card
Business Analyst                                                           ,Gini Health                                                                ,"Chandigarh, Chandigarh, India"     ,https://in.linkedin.com/jobs/view/business-analyst-at-gini-health-3813179543?refId=mOaUNTQO%2B8h570Y33R%2BPYg%3D%3D&trackingId=W7xZV6OTg6Ctcz6VoKmgCA%3D%3D&position=25&pageNum=0&trk=public_jobs_jserp-result_search-card
Microsoft Dynamics 365 F&O Developer                                       ,RapidBrains                                                                ,"Bengaluru, Karnataka, India"       ,https://in.linkedin.com/jobs/view/microsoft-dynamics-365-f-o-developer-at-rapidbrains-3813182067?refId=9IYMkm8nmJOcuEio1lk2sA%3D%3D&trackingId=lkycNScwRMRqPaA%2FkP0Gcw%3D%3D&position=1&pageNum=0&trk=public_jobs_jserp-result_search-card
Microsoft Dynamics Engineer                                                ,Talent Smart                                                               ,"Hyderabad, Telangana, India"       ,https://in.linkedin.com/jobs/view/microsoft-dynamics-engineer-at-talent-smart-3813061309?refId=9IYMkm8nmJOcuEio1lk2sA%3D%3D&trackingId=jfB84kKr7fYpRA%2BP5lKnAw%3D%3D&position=2&pageNum=0&trk=public_jobs_jserp-result_search-card
GPS_TC_FO_Getinz                                                           ,Getinz                                                                     ,"Chennai, Tamil Nadu, India"        ,https://in.linkedin.com/jobs/view/gps-tc-fo-getinz-at-getinz-3817406529?refId=9IYMkm8nmJOcuEio1lk2sA%3D%3D&trackingId=UHpyRr%2Bs9WeJlYxAVhwA4w%3D%3D&position=3&pageNum=0&trk=public_jobs_jserp-result_search-card
Microsoft Dynamics 365 F&O Technical Consultant                            ,AXTechnosoft                                                               ,"Gurugram, Haryana, India"          ,https://in.linkedin.com/jobs/view/microsoft-dynamics-365-f-o-technical-consultant-at-axtechnosoft-3817547527?refId=9IYMkm8nmJOcuEio1lk2sA%3D%3D&trackingId=dyFM%2FM7U1KFUQ4zGZt8X7A%3D%3D&position=4&pageNum=0&trk=public_jobs_jserp-result_search-card
Dynamics CRM 365                                                           ,Enuke Software Pvt Ltd                                                     ,India                               ,https://in.linkedin.com/jobs/view/dynamics-crm-365-at-enuke-software-pvt-ltd-3816350273?refId=9IYMkm8nmJOcuEio1lk2sA%3D%3D&trackingId=zdfj4IAXZKx4nh%2BszMgm9w%3D%3D&position=5&pageNum=0&trk=public_jobs_jserp-result_search-card
Microsoft Dynamics Consultant                                              ,VAYUZ Technologies                                                         ,"Mumbai, Maharashtra, India"        ,https://in.linkedin.com/jobs/view/microsoft-dynamics-consultant-at-vayuz-technologies-3816331423?refId=9IYMkm8nmJOcuEio1lk2sA%3D%3D&trackingId=y7idOehr7kV%2Bdy9GsNUY8w%3D%3D&position=6&pageNum=0&trk=public_jobs_jserp-result_search-card
Sr Microsoft Dynamics developer                                            ,Siemens                                                                    ,"Bengaluru, Karnataka, India"       ,https://in.linkedin.com/jobs/view/sr-microsoft-dynamics-developer-at-siemens-3797567642?refId=9IYMkm8nmJOcuEio1lk2sA%3D%3D&trackingId=JXNtOmR6QyNKta%2FcpvLqiQ%3D%3D&position=7&pageNum=0&trk=public_jobs_jserp-result_search-card
Technical Consultant D365                                                  ,TekWissen India                                                            ,"Indore, Madhya Pradesh, India"     ,https://in.linkedin.com/jobs/view/technical-consultant-d365-at-tekwissen-india-3813169921?refId=9IYMkm8nmJOcuEio1lk2sA%3D%3D&trackingId=xfHsnrcZl7C15CaXWLZncQ%3D%3D&position=8&pageNum=0&trk=public_jobs_jserp-result_search-card
Lead Consultant - Dynamics 365                                             ,TekWissen India                                                            ,"Pune, Maharashtra, India"          ,https://in.linkedin.com/jobs/view/lead-consultant-dynamics-365-at-tekwissen-india-3813167702?refId=9IYMkm8nmJOcuEio1lk2sA%3D%3D&trackingId=9DxYx83wpooAqfA055BhFQ%3D%3D&position=9&pageNum=0&trk=public_jobs_jserp-result_search-card
Microsoft Dynamics Consultant(Technical)                                   ,Marktine Technology Solutions Pvt Ltd                                      ,India                               ,https://in.linkedin.com/jobs/view/microsoft-dynamics-consultant-technical-at-marktine-technology-solutions-pvt-ltd-3813171263?refId=9IYMkm8nmJOcuEio1lk2sA%3D%3D&trackingId=s0XRmxBC21bgsnF%2BbhBTjw%3D%3D&position=10&pageNum=0&trk=public_jobs_jserp-result_search-card
MS Dynamics F&O Technical consultant                                       ,Talent Smart                                                               ,India                               ,https://in.linkedin.com/jobs/view/ms-dynamics-f-o-technical-consultant-at-talent-smart-3813032675?refId=9IYMkm8nmJOcuEio1lk2sA%3D%3D&trackingId=m3mus%2FbL2ZHx16V1vY9o6A%3D%3D&position=11&pageNum=0&trk=public_jobs_jserp-result_search-card
Urgently Hiring || Microsoft Dynamics CRM Technical || 6-15 Years | Remote ,DigitalResumeBox                                                           ,India                               ,https://in.linkedin.com/jobs/view/urgently-hiring-microsoft-dynamics-crm-technical-6-15-years-remote-at-digitalresumebox-3813172190?refId=9IYMkm8nmJOcuEio1lk2sA%3D%3D&trackingId=Ac%2BK3kO9o%2FPnNhjtp8lQKw%3D%3D&position=12&pageNum=0&trk=public_jobs_jserp-result_search-card
Lead Consultant - Dynamics 365                                             ,TekWissen India                                                            ,"Hyderabad, Telangana, India"       ,https://in.linkedin.com/jobs/view/lead-consultant-dynamics-365-at-tekwissen-india-3813066602?refId=9IYMkm8nmJOcuEio1lk2sA%3D%3D&trackingId=cLELFwPxhulqaJgQvIlMoQ%3D%3D&position=13&pageNum=0&trk=public_jobs_jserp-result_search-card
dynamic 365 CRM technical consultant                                       ,AviinTech Business Solutions                                               ,India                               ,https://in.linkedin.com/jobs/view/dynamic-365-crm-technical-consultant-at-aviintech-business-solutions-3817528248?refId=9IYMkm8nmJOcuEio1lk2sA%3D%3D&trackingId=U6KrlcTpPqQfaTm3CxC%2B4w%3D%3D&position=14&pageNum=0&trk=public_jobs_jserp-result_search-card
Dynamics 365 Sales / CE Developer (CRM)                                    ,Techcronus Business Solutions - Microsoft Partner | IAMCP | NASSCOM Member ,"Ahmedabad, Gujarat, India"         ,https://in.linkedin.com/jobs/view/dynamics-365-sales-ce-developer-crm-at-techcronus-business-solutions-microsoft-partner-iamcp-nasscom-member-3816357645?refId=9IYMkm8nmJOcuEio1lk2sA%3D%3D&trackingId=Isl%2FecukVuWrx%2Bin6BPHAA%3D%3D&position=15&pageNum=0&trk=public_jobs_jserp-result_search-card
Senior Dynamics 365 F&O Technical Consultant                               ,TekWissen India                                                            ,"Hyderabad, Telangana, India"       ,https://in.linkedin.com/jobs/view/senior-dynamics-365-f-o-technical-consultant-at-tekwissen-india-3813171122?refId=9IYMkm8nmJOcuEio1lk2sA%3D%3D&trackingId=u5qRifO00DDU6XfsTx1Ysw%3D%3D&position=16&pageNum=0&trk=public_jobs_jserp-result_search-card
System Analyst – F&O                                                       ,PreludeSys                                                                 ,"Chennai, Tamil Nadu, India"        ,https://in.linkedin.com/jobs/view/system-analyst-%E2%80%93-f-o-at-preludesys-3815756284?refId=9IYMkm8nmJOcuEio1lk2sA%3D%3D&trackingId=Ob7WdZyBi0%2F9NcBpvufayQ%3D%3D&position=17&pageNum=0&trk=public_jobs_jserp-result_search-card
Microsoft Dynamics 365 QA Engineer                                         ,PAR Technology                                                             ,"Gurugram, Haryana, India"          ,https://in.linkedin.com/jobs/view/microsoft-dynamics-365-qa-engineer-at-par-technology-3813181910?refId=9IYMkm8nmJOcuEio1lk2sA%3D%3D&trackingId=d4HelDbvI5xJl5DpoAUdeQ%3D%3D&position=19&pageNum=0&trk=public_jobs_jserp-result_search-card
Dynamics SCM Functional Consultant- Hyderabad                              ,Numaware Technologies Private Limited                                      ,"Hyderabad, Telangana, India"       ,https://in.linkedin.com/jobs/view/dynamics-scm-functional-consultant-hyderabad-at-numaware-technologies-private-limited-3816095309?refId=9IYMkm8nmJOcuEio1lk2sA%3D%3D&trackingId=xvKgun2lhSsdU5W12SV85g%3D%3D&position=20&pageNum=0&trk=public_jobs_jserp-result_search-card
MS Dynamic 365 Finance and Operation Technical Consultant                  ,Snapminds Global (Snapminds Technolgies LLP)                               ,"Bengaluru, Karnataka, India"       ,https://in.linkedin.com/jobs/view/ms-dynamic-365-finance-and-operation-technical-consultant-at-snapminds-global-snapminds-technolgies-llp-3813177236?refId=9IYMkm8nmJOcuEio1lk2sA%3D%3D&trackingId=B4AB79dM9Lh1ZX%2F4ceQpUA%3D%3D&position=21&pageNum=0&trk=public_jobs_jserp-result_search-card
Lead Consultant - Dynamics 365                                             ,TekWissen India                                                            ,"Hyderabad, Telangana, India"       ,https://in.linkedin.com/jobs/view/lead-consultant-dynamics-365-at-tekwissen-india-3813164989?refId=9IYMkm8nmJOcuEio1lk2sA%3D%3D&trackingId=PR%2FVmgm0JYgNAyiVWXdBRw%3D%3D&position=22&pageNum=0&trk=public_jobs_jserp-result_search-card
D365 Production Consultant                                                 ,GeekBull Consulting                                                        ,"Hyderabad, Telangana, India"       ,https://in.linkedin.com/jobs/view/d365-production-consultant-at-geekbull-consulting-3813156165?refId=9IYMkm8nmJOcuEio1lk2sA%3D%3D&trackingId=PbEkM%2Bswb5cUrqpYqyNqDg%3D%3D&position=23&pageNum=0&trk=public_jobs_jserp-result_search-card
BDE                                                                        ,Uptake Infotech Pvt. Ltd                                                   ,"Ahmedabad, Gujarat, India"         ,https://in.linkedin.com/jobs/view/bde-at-uptake-infotech-pvt-ltd-3813073339?refId=9IYMkm8nmJOcuEio1lk2sA%3D%3D&trackingId=1z0aaWkJYdnAvZSpx2SaIw%3D%3D&position=24&pageNum=0&trk=public_jobs_jserp-result_search-card
Computational Fluid Dynamics Engineer                                      ,EpitronX                                                                   ,"Pune, Maharashtra, India"          ,https://in.linkedin.com/jobs/view/computational-fluid-dynamics-engineer-at-epitronx-3813193078?refId=9IYMkm8nmJOcuEio1lk2sA%3D%3D&trackingId=4AWXuvnjC8NTT6UFFh2khA%3D%3D&position=25&pageNum=0&trk=public_jobs_jserp-result_search-card
Microsoft Dynamics 365 F&O Developer                                       ,RapidBrains                                                                ,"Bengaluru, Karnataka, India"       ,https://in.linkedin.com/jobs/view/microsoft-dynamics-365-f-o-developer-at-rapidbrains-3813182067?refId=yb4XDWgPDzDcP4R3tbvx9w%3D%3D&trackingId=cJBMSAIfqVpo4%2FdeM0fSAg%3D%3D&position=1&pageNum=0&trk=public_jobs_jserp-result_search-card
Microsoft Dynamics Engineer                                                ,Talent Smart                                                               ,"Hyderabad, Telangana, India"       ,https://in.linkedin.com/jobs/view/microsoft-dynamics-engineer-at-talent-smart-3813061309?refId=yb4XDWgPDzDcP4R3tbvx9w%3D%3D&trackingId=96nabbT4Pi9Geo0E3BQ7mw%3D%3D&position=2&pageNum=0&trk=public_jobs_jserp-result_search-card
GPS_TC_FO_Getinz                                                           ,Getinz                                                                     ,"Chennai, Tamil Nadu, India"        ,https://in.linkedin.com/jobs/view/gps-tc-fo-getinz-at-getinz-3817406529?refId=yb4XDWgPDzDcP4R3tbvx9w%3D%3D&trackingId=PSoAHEfRVgSX0Np7T9nnAA%3D%3D&position=3&pageNum=0&trk=public_jobs_jserp-result_search-card
Microsoft Dynamics Consultant                                              ,VAYUZ Technologies                                                         ,"Mumbai, Maharashtra, India"        ,https://in.linkedin.com/jobs/view/microsoft-dynamics-consultant-at-vayuz-technologies-3816331423?refId=yb4XDWgPDzDcP4R3tbvx9w%3D%3D&trackingId=y5JErvbUI8h3uniVJJcLdA%3D%3D&position=4&pageNum=0&trk=public_jobs_jserp-result_search-card
Microsoft Dynamics 365 F&O Technical Consultant                            ,AXTechnosoft                                                               ,"Gurugram, Haryana, India"          ,https://in.linkedin.com/jobs/view/microsoft-dynamics-365-f-o-technical-consultant-at-axtechnosoft-3817547527?refId=yb4XDWgPDzDcP4R3tbvx9w%3D%3D&trackingId=mGnOhCQrLTzweIVlElR2Zw%3D%3D&position=5&pageNum=0&trk=public_jobs_jserp-result_search-card
Dynamics CRM 365                                                           ,Enuke Software Pvt Ltd                                                     ,India                               ,https://in.linkedin.com/jobs/view/dynamics-crm-365-at-enuke-software-pvt-ltd-3816350273?refId=yb4XDWgPDzDcP4R3tbvx9w%3D%3D&trackingId=sEG4Gi1ebYJ0poRwA3pYIg%3D%3D&position=6&pageNum=0&trk=public_jobs_jserp-result_search-card
Microsoft Dynamics Consultant                                              ,"Q1 Technologies, Inc."                                                    ,"Bengaluru, Karnataka, India"       ,https://in.linkedin.com/jobs/view/microsoft-dynamics-consultant-at-q1-technologies-inc-3813159820?refId=yb4XDWgPDzDcP4R3tbvx9w%3D%3D&trackingId=su1gF4T1Y3dRcuCa9FS6WQ%3D%3D&position=7&pageNum=0&trk=public_jobs_jserp-result_search-card
Sr Microsoft Dynamics developer                                            ,Siemens                                                                    ,"Bengaluru, Karnataka, India"       ,https://in.linkedin.com/jobs/view/sr-microsoft-dynamics-developer-at-siemens-3797567642?refId=yb4XDWgPDzDcP4R3tbvx9w%3D%3D&trackingId=eqVFZ0WT3WFv5mQHKwx66Q%3D%3D&position=8&pageNum=0&trk=public_jobs_jserp-result_search-card
Senior Microsoft Dynamics CRM/365 Consultant                               ,Bizzman Web Pvt Ltd                                                        ,India                               ,https://in.linkedin.com/jobs/view/senior-microsoft-dynamics-crm-365-consultant-at-bizzman-web-pvt-ltd-3813107066?refId=yb4XDWgPDzDcP4R3tbvx9w%3D%3D&trackingId=4L7wOAi%2FJNRIYra6LN%2BTHQ%3D%3D&position=9&pageNum=0&trk=public_jobs_jserp-result_search-card
dynamic 365 CRM technical consultant                                       ,AviinTech Business Solutions                                               ,India                               ,https://in.linkedin.com/jobs/view/dynamic-365-crm-technical-consultant-at-aviintech-business-solutions-3817528248?refId=yb4XDWgPDzDcP4R3tbvx9w%3D%3D&trackingId=nfdxNTVnFgmPOmO5eVIMhw%3D%3D&position=10&pageNum=0&trk=public_jobs_jserp-result_search-card
Dynamics 365 Sales / CE Developer (CRM)                                    ,Techcronus Business Solutions - Microsoft Partner | IAMCP | NASSCOM Member ,"Ahmedabad, Gujarat, India"         ,https://in.linkedin.com/jobs/view/dynamics-365-sales-ce-developer-crm-at-techcronus-business-solutions-microsoft-partner-iamcp-nasscom-member-3816357645?refId=yb4XDWgPDzDcP4R3tbvx9w%3D%3D&trackingId=mhtFSp%2F1cv%2Fh1I6eIt94kQ%3D%3D&position=11&pageNum=0&trk=public_jobs_jserp-result_search-card
Dynamics 365 Business Central / Navision                                   ,Excelencia                                                                 ,India                               ,https://in.linkedin.com/jobs/view/dynamics-365-business-central-navision-at-excelencia-3813075449?refId=yb4XDWgPDzDcP4R3tbvx9w%3D%3D&trackingId=B4BHipr2LL6BH4XY7ruzHw%3D%3D&position=12&pageNum=0&trk=public_jobs_jserp-result_search-card
Microsoft Dynamics Consultant                                              ,TekWissen India                                                            ,"Hyderabad, Telangana, India"       ,https://in.linkedin.com/jobs/view/microsoft-dynamics-consultant-at-tekwissen-india-3813065615?refId=yb4XDWgPDzDcP4R3tbvx9w%3D%3D&trackingId=ELBa%2FDCbOq7Fx787nV%2BdXA%3D%3D&position=13&pageNum=0&trk=public_jobs_jserp-result_search-card
Microsoft Dynamics 365 CRM Developer                                       ,Pascalcase                                                                 ,"Hyderabad, Telangana, India"       ,https://in.linkedin.com/jobs/view/microsoft-dynamics-365-crm-developer-at-pascalcase-3792911822?refId=yb4XDWgPDzDcP4R3tbvx9w%3D%3D&trackingId=D8EN0qn6WLkCocweE83ZFw%3D%3D&position=14&pageNum=0&trk=public_jobs_jserp-result_search-card
Technical Consultant D365                                                  ,TekWissen India                                                            ,"Indore, Madhya Pradesh, India"     ,https://in.linkedin.com/jobs/view/technical-consultant-d365-at-tekwissen-india-3813169921?refId=yb4XDWgPDzDcP4R3tbvx9w%3D%3D&trackingId=oLvqYZWijN56acHMP%2BfeJw%3D%3D&position=15&pageNum=0&trk=public_jobs_jserp-result_search-card
Lead Consultant - Dynamics 365                                             ,TekWissen India                                                            ,"Pune, Maharashtra, India"          ,https://in.linkedin.com/jobs/view/lead-consultant-dynamics-365-at-tekwissen-india-3813167702?refId=yb4XDWgPDzDcP4R3tbvx9w%3D%3D&trackingId=tJqpXYqeK489GkHyxHQjDw%3D%3D&position=16&pageNum=0&trk=public_jobs_jserp-result_search-card
Microsoft Dynamics Consultant(Technical)                                   ,Marktine Technology Solutions Pvt Ltd                                      ,India                               ,https://in.linkedin.com/jobs/view/microsoft-dynamics-consultant-technical-at-marktine-technology-solutions-pvt-ltd-3813171263?refId=yb4XDWgPDzDcP4R3tbvx9w%3D%3D&trackingId=2GeC%2F2k4Pw4xKhBoeVgWWg%3D%3D&position=17&pageNum=0&trk=public_jobs_jserp-result_search-card
MS Dynamics F&O Technical consultant                                       ,Talent Smart                                                               ,India                               ,https://in.linkedin.com/jobs/view/ms-dynamics-f-o-technical-consultant-at-talent-smart-3813032675?refId=yb4XDWgPDzDcP4R3tbvx9w%3D%3D&trackingId=iAKpI5rFsgw%2FUTHi%2B7z2zw%3D%3D&position=18&pageNum=0&trk=public_jobs_jserp-result_search-card
Urgently Hiring || Microsoft Dynamics CRM Technical || 6-15 Years | Remote ,DigitalResumeBox                                                           ,India                               ,https://in.linkedin.com/jobs/view/urgently-hiring-microsoft-dynamics-crm-technical-6-15-years-remote-at-digitalresumebox-3813172190?refId=yb4XDWgPDzDcP4R3tbvx9w%3D%3D&trackingId=e3XndNB9kyvShZ7nIqz5TA%3D%3D&position=19&pageNum=0&trk=public_jobs_jserp-result_search-card
Lead Consultant - Dynamics 365                                             ,TekWissen India                                                            ,"Hyderabad, Telangana, India"       ,https://in.linkedin.com/jobs/view/lead-consultant-dynamics-365-at-tekwissen-india-3813164989?refId=yb4XDWgPDzDcP4R3tbvx9w%3D%3D&trackingId=t%2BUQ4xobWzXwFslL%2Bc4xaQ%3D%3D&position=20&pageNum=0&trk=public_jobs_jserp-result_search-card
Dynamics SCM Functional Consultant- Hyderabad                              ,Numaware Technologies Private Limited                                      ,"Hyderabad, Telangana, India"       ,https://in.linkedin.com/jobs/view/dynamics-scm-functional-consultant-hyderabad-at-numaware-technologies-private-limited-3816095309?refId=yb4XDWgPDzDcP4R3tbvx9w%3D%3D&trackingId=IaWJmpJlYPEbndcZm9ki4g%3D%3D&position=21&pageNum=0&trk=public_jobs_jserp-result_search-card
Dynamics 365 CRM Technical consultant                                      ,Tata Consultancy Services                                                  ,"Pune, Maharashtra, India"          ,https://in.linkedin.com/jobs/view/dynamics-365-crm-technical-consultant-at-tata-consultancy-services-3813067183?refId=yb4XDWgPDzDcP4R3tbvx9w%3D%3D&trackingId=KXNuJvTpBgNBM3nHBiNcQg%3D%3D&position=22&pageNum=0&trk=public_jobs_jserp-result_search-card
Lead Consultant - Dynamics 365                                             ,TekWissen India                                                            ,"Hyderabad, Telangana, India"       ,https://in.linkedin.com/jobs/view/lead-consultant-dynamics-365-at-tekwissen-india-3813066602?refId=yb4XDWgPDzDcP4R3tbvx9w%3D%3D&trackingId=KPUXbmo5GgPCSJhD3sfRlQ%3D%3D&position=23&pageNum=0&trk=public_jobs_jserp-result_search-card
Senior Dynamics 365 F&O Technical Consultant                               ,TekWissen India                                                            ,"Hyderabad, Telangana, India"       ,https://in.linkedin.com/jobs/view/senior-dynamics-365-f-o-technical-consultant-at-tekwissen-india-3813171122?refId=yb4XDWgPDzDcP4R3tbvx9w%3D%3D&trackingId=hXf%2FVWZlmyQmUf7znC1tSA%3D%3D&position=24&pageNum=0&trk=public_jobs_jserp-result_search-card
Microsoft Dynamics 365 Finance and Operations Functional Consultant        ,VSquare Systems Pvt. Ltd.                                                  ,India                               ,https://in.linkedin.com/jobs/view/microsoft-dynamics-365-finance-and-operations-functional-consultant-at-vsquare-systems-pvt-ltd-3817507919?refId=yb4XDWgPDzDcP4R3tbvx9w%3D%3D&trackingId=pTXDgCgOm34vpIprP4ALBw%3D%3D&position=25&pageNum=0&trk=public_jobs_jserp-result_search-card
Sr Executive-Purchase                                                      ,GEA Group                                                                  ,"Vadodara, Gujarat, India"          ,https://in.linkedin.com/jobs/view/sr-executive-purchase-at-gea-group-3783375155?refId=t%2FmJc4OIyf3vq1lXxdu%2BBw%3D%3D&trackingId=C3puBBcehTkWSsv2%2FTzlMw%3D%3D&position=1&pageNum=0&trk=public_jobs_jserp-result_search-card
SALES AND MARKETING MANAGER (BATTERY INDUSTRY)                             ,The Staffers (Generation Next)                                             ,"Punjab, India"                     ,https://in.linkedin.com/jobs/view/sales-and-marketing-manager-battery-industry-at-the-staffers-generation-next-3817520054?refId=t%2FmJc4OIyf3vq1lXxdu%2BBw%3D%3D&trackingId=ojh1Vwx0KTfxBXMeqQYwMQ%3D%3D&position=2&pageNum=0&trk=public_jobs_jserp-result_search-card
Functional Consultant- D365 CRM                                            ,"Mazik Global, a Quisitive Company"                                        ,"Hyderabad, Telangana, India"       ,https://in.linkedin.com/jobs/view/functional-consultant-d365-crm-at-mazik-global-a-quisitive-company-3815793587?refId=t%2FmJc4OIyf3vq1lXxdu%2BBw%3D%3D&trackingId=C344Bl%2Fw3UFNBV1SgY1HzA%3D%3D&position=3&pageNum=0&trk=public_jobs_jserp-result_search-card
Lead II - Enterprise Solutions - SAP ABAP                                  ,UST                                                                        ,"Bengaluru, Karnataka, India"       ,https://in.linkedin.com/jobs/view/lead-ii-enterprise-solutions-sap-abap-at-ust-3817546701?refId=t%2FmJc4OIyf3vq1lXxdu%2BBw%3D%3D&trackingId=9w8diY0bKsj2kZQ5CnYxrg%3D%3D&position=4&pageNum=0&trk=public_jobs_jserp-result_search-card
Consultant – MSD AXAPTA - Finance Functional-ITO075803                     ,Genpact                                                                    ,"Kolkata, West Bengal, India"       ,https://in.linkedin.com/jobs/view/consultant-%E2%80%93-msd-axapta-finance-functional-ito075803-at-genpact-3817544035?refId=t%2FmJc4OIyf3vq1lXxdu%2BBw%3D%3D&trackingId=3Hi5Xt9Hul0I6Wra9BsyGQ%3D%3D&position=5&pageNum=0&trk=public_jobs_jserp-result_search-card
Enterprise Resources Planning Developer                                    ,Recruitment Mantra HR Consultancy & Recruitment Agency                     ,"Nashik, Maharashtra, India"        ,https://in.linkedin.com/jobs/view/enterprise-resources-planning-developer-at-recruitment-mantra-hr-consultancy-recruitment-agency-3813097872?refId=t%2FmJc4OIyf3vq1lXxdu%2BBw%3D%3D&trackingId=ZTrk7%2Fyi87iC4nozLwxQIw%3D%3D&position=6&pageNum=0&trk=public_jobs_jserp-result_search-card
Microsoft 365 Technical specialist                                         ,F-GRADE GLOBAL SERVICES PVT LTD                                            ,"Hyderabad, Telangana, India"       ,https://in.linkedin.com/jobs/view/microsoft-365-technical-specialist-at-f-grade-global-services-pvt-ltd-3815710811?refId=t%2FmJc4OIyf3vq1lXxdu%2BBw%3D%3D&trackingId=IvH%2BHa8GKMWQKgLTna9wKQ%3D%3D&position=7&pageNum=0&trk=public_jobs_jserp-result_search-card
GeoX Channel Sales Manager                                                 ,Autodesk                                                                   ,"Mumbai, Maharashtra, India"        ,https://in.linkedin.com/jobs/view/geox-channel-sales-manager-at-autodesk-3813056816?refId=t%2FmJc4OIyf3vq1lXxdu%2BBw%3D%3D&trackingId=TOcnaNgK%2B0inIu4XlAaH5g%3D%3D&position=8&pageNum=0&trk=public_jobs_jserp-result_search-card
Technical Consultant - AX Dynamics                                         ,Synoptek                                                                   ,"Ahmedabad, Gujarat, India"         ,https://in.linkedin.com/jobs/view/technical-consultant-ax-dynamics-at-synoptek-3815757845?refId=t%2FmJc4OIyf3vq1lXxdu%2BBw%3D%3D&trackingId=3nFSXgl8Ht88BZtXcMymvA%3D%3D&position=9&pageNum=0&trk=public_jobs_jserp-result_search-card
Solution Architect Dynamics 365 Finance & Operations                       ,emagine                                                                    ,"Chennai, Tamil Nadu, India"        ,https://in.linkedin.com/jobs/view/solution-architect-dynamics-365-finance-operations-at-emagine-3817033850?refId=t%2FmJc4OIyf3vq1lXxdu%2BBw%3D%3D&trackingId=kes%2FHGJx9tAAHXJR06V8qA%3D%3D&position=10&pageNum=0&trk=public_jobs_jserp-result_search-card
Production Manager                                                         ,Gohoardings                                                                ,"Noida, Uttar Pradesh, India"       ,https://in.linkedin.com/jobs/view/production-manager-at-gohoardings-3810179849?refId=t%2FmJc4OIyf3vq1lXxdu%2BBw%3D%3D&trackingId=NWWWzE%2FIvCxuOU2DUrZ%2Bjw%3D%3D&position=11&pageNum=0&trk=public_jobs_jserp-result_search-card
Technical Executive                                                        ,JLL                                                                        ,"Gurgaon, Haryana, India"           ,https://in.linkedin.com/jobs/view/technical-executive-at-jll-3817533621?refId=t%2FmJc4OIyf3vq1lXxdu%2BBw%3D%3D&trackingId=DxkNMR2x%2FoA7yWWLV1jNYA%3D%3D&position=12&pageNum=0&trk=public_jobs_jserp-result_search-card
Staffing Sales Representative                                              ,Hiresigma                                                                  ,"Mohali district, Punjab, India"    ,https://in.linkedin.com/jobs/view/staffing-sales-representative-at-hiresigma-3813115529?refId=t%2FmJc4OIyf3vq1lXxdu%2BBw%3D%3D&trackingId=w5L%2FLtkPNryEGVxxwKQL6Q%3D%3D&position=13&pageNum=0&trk=public_jobs_jserp-result_search-card
Lead Sourcing Specialist - Tender and Project Sourcing (Durgapur)          ,GE Power                                                                   ,"Durgapur, West Bengal, India"      ,https://in.linkedin.com/jobs/view/lead-sourcing-specialist-tender-and-project-sourcing-durgapur-at-ge-power-3813053986?refId=t%2FmJc4OIyf3vq1lXxdu%2BBw%3D%3D&trackingId=Zu8IRF8DNaT%2FYADFNEShHQ%3D%3D&position=14&pageNum=0&trk=public_jobs_jserp-result_search-card
Sales Specialist                                                           ,GOODRICH MARITIME PVT. LTD                                                 ,"Gujarat, India"                    ,https://in.linkedin.com/jobs/view/sales-specialist-at-goodrich-maritime-pvt-ltd-3817570801?refId=t%2FmJc4OIyf3vq1lXxdu%2BBw%3D%3D&trackingId=IEQG2U5FuA0P1rd2AUqPGg%3D%3D&position=15&pageNum=0&trk=public_jobs_jserp-result_search-card
Business Development Executive                                             ,Ratio Accounting & Financial Advisory                                      ,"Hyderabad, Telangana, India"       ,https://in.linkedin.com/jobs/view/business-development-executive-at-ratio-accounting-financial-advisory-3811271692?refId=t%2FmJc4OIyf3vq1lXxdu%2BBw%3D%3D&trackingId=UsjlntERJk2vdslivQAi8Q%3D%3D&position=16&pageNum=0&trk=public_jobs_jserp-result_search-card
Executive Procurement                                                      ,NEC Software Solutions                                                     ,"Bengaluru, Karnataka, India"       ,https://in.linkedin.com/jobs/view/executive-procurement-at-nec-software-solutions-3816343216?refId=t%2FmJc4OIyf3vq1lXxdu%2BBw%3D%3D&trackingId=3X4TTtoa5FIUjV4SCXmCUg%3D%3D&position=17&pageNum=0&trk=public_jobs_jserp-result_search-card
Business Development Associate                                             ,Careerfit.ai                                                               ,"Bengaluru, Karnataka, India"       ,https://in.linkedin.com/jobs/view/business-development-associate-at-careerfit-ai-3816327950?refId=t%2FmJc4OIyf3vq1lXxdu%2BBw%3D%3D&trackingId=fKPoltIgRlRqETEy4eUMtw%3D%3D&position=18&pageNum=0&trk=public_jobs_jserp-result_search-card
HSO - GS - SQL & Data Migration                                            ,HSO                                                                        ,"Bengaluru, Karnataka, India"       ,https://in.linkedin.com/jobs/view/hso-gs-sql-data-migration-at-hso-3804059606?refId=t%2FmJc4OIyf3vq1lXxdu%2BBw%3D%3D&trackingId=Mf5R4IOhdpRv8IttQmt8WA%3D%3D&position=19&pageNum=0&trk=public_jobs_jserp-result_search-card
Consultant – MSD AX A2012 – Apps Technical-ITO070668                       ,Genpact                                                                    ,"Noida, Uttar Pradesh, India"       ,https://in.linkedin.com/jobs/view/consultant-%E2%80%93-msd-ax-a2012-%E2%80%93-apps-technical-ito070668-at-genpact-3817545043?refId=t%2FmJc4OIyf3vq1lXxdu%2BBw%3D%3D&trackingId=S7nIZUEdhEtONcEpOT%2BPkg%3D%3D&position=20&pageNum=0&trk=public_jobs_jserp-result_search-card
Senior Software Engineer                                                   ,Microsoft                                                                  ,"Hyderabad, Telangana, India"       ,https://in.linkedin.com/jobs/view/senior-software-engineer-at-microsoft-3813125385?refId=t%2FmJc4OIyf3vq1lXxdu%2BBw%3D%3D&trackingId=DlCa39FXdpIernE0I0UGaA%3D%3D&position=21&pageNum=0&trk=public_jobs_jserp-result_search-card
Associate Analyst - Sourcing                                               ,Novo Nordisk                                                               ,"Bengaluru, Karnataka, India"       ,https://in.linkedin.com/jobs/view/associate-analyst-sourcing-at-novo-nordisk-3789990983?refId=t%2FmJc4OIyf3vq1lXxdu%2BBw%3D%3D&trackingId=bj0dfnSrUqYddT5Rewyfzw%3D%3D&position=22&pageNum=0&trk=public_jobs_jserp-result_search-card
Software Engineer II                                                       ,Microsoft                                                                  ,"Hyderabad, Telangana, India"       ,https://in.linkedin.com/jobs/view/software-engineer-ii-at-microsoft-3813124217?refId=t%2FmJc4OIyf3vq1lXxdu%2BBw%3D%3D&trackingId=%2BSKTDkSqsb8%2BPmpSMkHYRw%3D%3D&position=23&pageNum=0&trk=public_jobs_jserp-result_search-card
Marketing Intern [Ahmedabad]                                               ,Possible Business Solutions                                                ,"Ahmedabad, Gujarat, India"         ,https://in.linkedin.com/jobs/view/marketing-intern-ahmedabad-at-possible-business-solutions-3816336927?refId=t%2FmJc4OIyf3vq1lXxdu%2BBw%3D%3D&trackingId=thrsbtlkIt1W2qTcSRg20A%3D%3D&position=24&pageNum=0&trk=public_jobs_jserp-result_search-card
Direct Sales Lead (AGM/DGM/GM)                                             ,CanadianSIM                                                                ,"New Delhi, Delhi, India"           ,https://in.linkedin.com/jobs/view/direct-sales-lead-agm-dgm-gm-at-canadiansim-3813164922?refId=t%2FmJc4OIyf3vq1lXxdu%2BBw%3D%3D&trackingId=XvBQuZuLhQGKAcC5NCS%2FLg%3D%3D&position=25&pageNum=0&trk=public_jobs_jserp-result_search-card
Microsoft Dynamics 365 F&O Developer                                       ,RapidBrains                                                                ,"Bengaluru, Karnataka, India"       ,https://in.linkedin.com/jobs/view/microsoft-dynamics-365-f-o-developer-at-rapidbrains-3813182067?refId=qiJCEHQxPwAVumfCjqVeFA%3D%3D&trackingId=nn4vF0qRfLt7iXKRhXKzCg%3D%3D&position=1&pageNum=0&trk=public_jobs_jserp-result_search-card
Microsoft Dynamics Engineer                                                ,Talent Smart                                                               ,"Hyderabad, Telangana, India"       ,https://in.linkedin.com/jobs/view/microsoft-dynamics-engineer-at-talent-smart-3813061309?refId=qiJCEHQxPwAVumfCjqVeFA%3D%3D&trackingId=wbwqG6ZRcxzWcwTTk5jj4w%3D%3D&position=2&pageNum=0&trk=public_jobs_jserp-result_search-card
Microsoft Dynamics Consultant                                              ,VAYUZ Technologies                                                         ,"Mumbai, Maharashtra, India"        ,https://in.linkedin.com/jobs/view/microsoft-dynamics-consultant-at-vayuz-technologies-3816331423?refId=qiJCEHQxPwAVumfCjqVeFA%3D%3D&trackingId=1LX4MQtjIODnMWo%2F8CC3UA%3D%3D&position=3&pageNum=0&trk=public_jobs_jserp-result_search-card
Microsoft Dynamics 365 F&O Technical Consultant                            ,AXTechnosoft                                                               ,"Gurugram, Haryana, India"          ,https://in.linkedin.com/jobs/view/microsoft-dynamics-365-f-o-technical-consultant-at-axtechnosoft-3817547527?refId=qiJCEHQxPwAVumfCjqVeFA%3D%3D&trackingId=uzbXTjGyvwSymN9v%2BEqkTg%3D%3D&position=4&pageNum=0&trk=public_jobs_jserp-result_search-card
Dynamics CRM 365                                                           ,Enuke Software Pvt Ltd                                                     ,India                               ,https://in.linkedin.com/jobs/view/dynamics-crm-365-at-enuke-software-pvt-ltd-3816350273?refId=qiJCEHQxPwAVumfCjqVeFA%3D%3D&trackingId=H0mndu%2FDFoz32iQXUvpFCA%3D%3D&position=5&pageNum=0&trk=public_jobs_jserp-result_search-card
Sr Microsoft Dynamics developer                                            ,Siemens                                                                    ,"Bengaluru, Karnataka, India"       ,https://in.linkedin.com/jobs/view/sr-microsoft-dynamics-developer-at-siemens-3797567642?refId=qiJCEHQxPwAVumfCjqVeFA%3D%3D&trackingId=k%2FsBKjleeRgAH3jF0kA49Q%3D%3D&position=6&pageNum=0&trk=public_jobs_jserp-result_search-card
dynamic 365 CRM technical consultant                                       ,AviinTech Business Solutions                                               ,India                               ,https://in.linkedin.com/jobs/view/dynamic-365-crm-technical-consultant-at-aviintech-business-solutions-3817528248?refId=qiJCEHQxPwAVumfCjqVeFA%3D%3D&trackingId=FeQnc9KP3hjrVytabQCNJQ%3D%3D&position=7&pageNum=0&trk=public_jobs_jserp-result_search-card
Technical Consultant D365                                                  ,TekWissen India                                                            ,"Indore, Madhya Pradesh, India"     ,https://in.linkedin.com/jobs/view/technical-consultant-d365-at-tekwissen-india-3813169921?refId=qiJCEHQxPwAVumfCjqVeFA%3D%3D&trackingId=g0mAgZcJ4kJd1XzV%2BEaJLQ%3D%3D&position=8&pageNum=0&trk=public_jobs_jserp-result_search-card
Lead Consultant - Dynamics 365                                             ,TekWissen India                                                            ,"Pune, Maharashtra, India"          ,https://in.linkedin.com/jobs/view/lead-consultant-dynamics-365-at-tekwissen-india-3813167702?refId=qiJCEHQxPwAVumfCjqVeFA%3D%3D&trackingId=8xrOXPJrKFwpUSyDePqrxg%3D%3D&position=9&pageNum=0&trk=public_jobs_jserp-result_search-card
Microsoft Dynamics Consultant(Technical)                                   ,Marktine Technology Solutions Pvt Ltd                                      ,India                               ,https://in.linkedin.com/jobs/view/microsoft-dynamics-consultant-technical-at-marktine-technology-solutions-pvt-ltd-3813171263?refId=qiJCEHQxPwAVumfCjqVeFA%3D%3D&trackingId=%2FjyVMyZWM2TQwAvLkihGQQ%3D%3D&position=10&pageNum=0&trk=public_jobs_jserp-result_search-card
Urgently Hiring || Microsoft Dynamics CRM Technical || 6-15 Years | Remote ,DigitalResumeBox                                                           ,India                               ,https://in.linkedin.com/jobs/view/urgently-hiring-microsoft-dynamics-crm-technical-6-15-years-remote-at-digitalresumebox-3813172190?refId=qiJCEHQxPwAVumfCjqVeFA%3D%3D&trackingId=1TWaMzTshraY23dheCImhg%3D%3D&position=11&pageNum=0&trk=public_jobs_jserp-result_search-card
Dynamics SCM Functional Consultant- Hyderabad                              ,Numaware Technologies Private Limited                                      ,"Hyderabad, Telangana, India"       ,https://in.linkedin.com/jobs/view/dynamics-scm-functional-consultant-hyderabad-at-numaware-technologies-private-limited-3816095309?refId=qiJCEHQxPwAVumfCjqVeFA%3D%3D&trackingId=PALb%2F0%2BOEjsbNSgj%2BKCHXg%3D%3D&position=12&pageNum=0&trk=public_jobs_jserp-result_search-card
Lead Consultant - Dynamics 365                                             ,TekWissen India                                                            ,"Hyderabad, Telangana, India"       ,https://in.linkedin.com/jobs/view/lead-consultant-dynamics-365-at-tekwissen-india-3813066602?refId=qiJCEHQxPwAVumfCjqVeFA%3D%3D&trackingId=Ilfj%2FX%2FMVeQSTc8uy7lJNQ%3D%3D&position=13&pageNum=0&trk=public_jobs_jserp-result_search-card
Dynamics 365 Sales / CE Developer (CRM)                                    ,Techcronus Business Solutions - Microsoft Partner | IAMCP | NASSCOM Member ,"Ahmedabad, Gujarat, India"         ,https://in.linkedin.com/jobs/view/dynamics-365-sales-ce-developer-crm-at-techcronus-business-solutions-microsoft-partner-iamcp-nasscom-member-3816357645?refId=qiJCEHQxPwAVumfCjqVeFA%3D%3D&trackingId=tfQflocdNq%2Bf3iqx7CVopQ%3D%3D&position=14&pageNum=0&trk=public_jobs_jserp-result_search-card
System Analyst – F&O                                                       ,PreludeSys                                                                 ,"Chennai, Tamil Nadu, India"        ,https://in.linkedin.com/jobs/view/system-analyst-%E2%80%93-f-o-at-preludesys-3815756284?refId=qiJCEHQxPwAVumfCjqVeFA%3D%3D&trackingId=bm%2ByNUrCXfmRCjEHlNsmGw%3D%3D&position=15&pageNum=0&trk=public_jobs_jserp-result_search-card
Lead Consultant - Dynamics 365                                             ,TekWissen India                                                            ,"Hyderabad, Telangana, India"       ,https://in.linkedin.com/jobs/view/lead-consultant-dynamics-365-at-tekwissen-india-3813164989?refId=qiJCEHQxPwAVumfCjqVeFA%3D%3D&trackingId=NqJpVpv%2B0YrBOa2Af2UBfg%3D%3D&position=17&pageNum=0&trk=public_jobs_jserp-result_search-card
MS Dynamic 365 Finance and Operation Technical Consultant                  ,Snapminds Global (Snapminds Technolgies LLP)                               ,"Bengaluru, Karnataka, India"       ,https://in.linkedin.com/jobs/view/ms-dynamic-365-finance-and-operation-technical-consultant-at-snapminds-global-snapminds-technolgies-llp-3813177236?refId=qiJCEHQxPwAVumfCjqVeFA%3D%3D&trackingId=Q1nfvnoQO9D3Fxd3EyIQxA%3D%3D&position=18&pageNum=0&trk=public_jobs_jserp-result_search-card
Microsoft Dynamics 365 QA Engineer                                         ,PAR Technology                                                             ,"Gurugram, Haryana, India"          ,https://in.linkedin.com/jobs/view/microsoft-dynamics-365-qa-engineer-at-par-technology-3813181910?refId=qiJCEHQxPwAVumfCjqVeFA%3D%3D&trackingId=QV%2FRMcf%2B9gcMI8I1DQqUlg%3D%3D&position=19&pageNum=0&trk=public_jobs_jserp-result_search-card
D365 Production Consultant                                                 ,GeekBull Consulting                                                        ,"Hyderabad, Telangana, India"       ,https://in.linkedin.com/jobs/view/d365-production-consultant-at-geekbull-consulting-3813156165?refId=qiJCEHQxPwAVumfCjqVeFA%3D%3D&trackingId=boAkXJZt7WIVfh6HMCwaFQ%3D%3D&position=20&pageNum=0&trk=public_jobs_jserp-result_search-card
BDE                                                                        ,Uptake Infotech Pvt. Ltd                                                   ,"Ahmedabad, Gujarat, India"         ,https://in.linkedin.com/jobs/view/bde-at-uptake-infotech-pvt-ltd-3813073339?refId=qiJCEHQxPwAVumfCjqVeFA%3D%3D&trackingId=YzAcHa%2BNJaH3F6wt72LMTQ%3D%3D&position=21&pageNum=0&trk=public_jobs_jserp-result_search-card
MATLAB/Simulink Developer_NIVITA                                           ,CodersBrain                                                                ,"Chennai, Tamil Nadu, India"        ,https://in.linkedin.com/jobs/view/matlab-simulink-developer-nivita-at-codersbrain-3817517234?refId=qiJCEHQxPwAVumfCjqVeFA%3D%3D&trackingId=YNdSz4mVSw9VcaTnGnl1vw%3D%3D&position=22&pageNum=0&trk=public_jobs_jserp-result_search-card
Microsoft D365 SCM Functional consultant                                   ,Strategic Resources International Inc                                      ,"Hyderabad, Telangana, India"       ,https://in.linkedin.com/jobs/view/microsoft-d365-scm-functional-consultant-at-strategic-resources-international-inc-3813190657?refId=qiJCEHQxPwAVumfCjqVeFA%3D%3D&trackingId=D87TgvLbgLtTNrs6SoFF4w%3D%3D&position=23&pageNum=0&trk=public_jobs_jserp-result_search-card
Computational Fluid Dynamics Engineer                                      ,EpitronX                                                                   ,"Pune, Maharashtra, India"          ,https://in.linkedin.com/jobs/view/computational-fluid-dynamics-engineer-at-epitronx-3813193078?refId=qiJCEHQxPwAVumfCjqVeFA%3D%3D&trackingId=7pabuAjCXswMmqyusPgqXw%3D%3D&position=24&pageNum=0&trk=public_jobs_jserp-result_search-card
CRM Dynamics Developer                                                     ,LMTEQ                                                                      ,"Hyderabad, Telangana, India"       ,https://in.linkedin.com/jobs/view/crm-dynamics-developer-at-lmteq-3810608507?refId=qiJCEHQxPwAVumfCjqVeFA%3D%3D&trackingId=5A5VneYX%2FAib36zr5VrP6w%3D%3D&position=25&pageNum=0&trk=public_jobs_jserp-result_search-card
Microsoft Dynamics 365 F&O Developer                                       ,RapidBrains                                                                ,"Bengaluru, Karnataka, India"       ,https://in.linkedin.com/jobs/view/microsoft-dynamics-365-f-o-developer-at-rapidbrains-3813182067?refId=WlqTK%2FYHUubJF4tqr7JeKw%3D%3D&trackingId=2%2FTzzEk2jKwthWkxR3gXmA%3D%3D&position=1&pageNum=0&trk=public_jobs_jserp-result_search-card
Microsoft Dynamics Engineer                                                ,Talent Smart                                                               ,"Hyderabad, Telangana, India"       ,https://in.linkedin.com/jobs/view/microsoft-dynamics-engineer-at-talent-smart-3813061309?refId=WlqTK%2FYHUubJF4tqr7JeKw%3D%3D&trackingId=sRLABIF18ohlaZF9BKOn9A%3D%3D&position=2&pageNum=0&trk=public_jobs_jserp-result_search-card
Microsoft Dynamics Consultant                                              ,VAYUZ Technologies                                                         ,"Mumbai, Maharashtra, India"        ,https://in.linkedin.com/jobs/view/microsoft-dynamics-consultant-at-vayuz-technologies-3816331423?refId=WlqTK%2FYHUubJF4tqr7JeKw%3D%3D&trackingId=%2B5MuGKGGhTLcRWc8Xdcs%2BQ%3D%3D&position=3&pageNum=0&trk=public_jobs_jserp-result_search-card
Microsoft Dynamics 365 F&O Technical Consultant                            ,AXTechnosoft                                                               ,"Gurugram, Haryana, India"          ,https://in.linkedin.com/jobs/view/microsoft-dynamics-365-f-o-technical-consultant-at-axtechnosoft-3817547527?refId=WlqTK%2FYHUubJF4tqr7JeKw%3D%3D&trackingId=mg5b6u0ksp1oHtKrEiv3oQ%3D%3D&position=4&pageNum=0&trk=public_jobs_jserp-result_search-card
Dynamics CRM 365                                                           ,Enuke Software Pvt Ltd                                                     ,India                               ,https://in.linkedin.com/jobs/view/dynamics-crm-365-at-enuke-software-pvt-ltd-3816350273?refId=WlqTK%2FYHUubJF4tqr7JeKw%3D%3D&trackingId=zKf%2FA2UNNqKmwqaDOaQjOw%3D%3D&position=5&pageNum=0&trk=public_jobs_jserp-result_search-card
Sr Microsoft Dynamics developer                                            ,Siemens                                                                    ,"Bengaluru, Karnataka, India"       ,https://in.linkedin.com/jobs/view/sr-microsoft-dynamics-developer-at-siemens-3797567642?refId=WlqTK%2FYHUubJF4tqr7JeKw%3D%3D&trackingId=3rQBGjPCZKQ65mxd5q7W8w%3D%3D&position=6&pageNum=0&trk=public_jobs_jserp-result_search-card
dynamic 365 CRM technical consultant                                       ,AviinTech Business Solutions                                               ,India                               ,https://in.linkedin.com/jobs/view/dynamic-365-crm-technical-consultant-at-aviintech-business-solutions-3817528248?refId=WlqTK%2FYHUubJF4tqr7JeKw%3D%3D&trackingId=R6bMCzNoCZMDgBH61lgBoA%3D%3D&position=7&pageNum=0&trk=public_jobs_jserp-result_search-card
Technical Consultant D365                                                  ,TekWissen India                                                            ,"Indore, Madhya Pradesh, India"     ,https://in.linkedin.com/jobs/view/technical-consultant-d365-at-tekwissen-india-3813169921?refId=WlqTK%2FYHUubJF4tqr7JeKw%3D%3D&trackingId=YS8pdSFcL%2Fnr%2BP7J52z73Q%3D%3D&position=8&pageNum=0&trk=public_jobs_jserp-result_search-card
Lead Consultant - Dynamics 365                                             ,TekWissen India                                                            ,"Pune, Maharashtra, India"          ,https://in.linkedin.com/jobs/view/lead-consultant-dynamics-365-at-tekwissen-india-3813167702?refId=WlqTK%2FYHUubJF4tqr7JeKw%3D%3D&trackingId=5GWO%2FXr0aopfLdBXY0S9Cw%3D%3D&position=9&pageNum=0&trk=public_jobs_jserp-result_search-card
Microsoft Dynamics Consultant(Technical)                                   ,Marktine Technology Solutions Pvt Ltd                                      ,India                               ,https://in.linkedin.com/jobs/view/microsoft-dynamics-consultant-technical-at-marktine-technology-solutions-pvt-ltd-3813171263?refId=WlqTK%2FYHUubJF4tqr7JeKw%3D%3D&trackingId=bB6dN87388Zay9%2F2p7hRgA%3D%3D&position=10&pageNum=0&trk=public_jobs_jserp-result_search-card
Urgently Hiring || Microsoft Dynamics CRM Technical || 6-15 Years | Remote ,DigitalResumeBox                                                           ,India                               ,https://in.linkedin.com/jobs/view/urgently-hiring-microsoft-dynamics-crm-technical-6-15-years-remote-at-digitalresumebox-3813172190?refId=WlqTK%2FYHUubJF4tqr7JeKw%3D%3D&trackingId=h7ggK2CD03s%2F8hx1xAW5Tw%3D%3D&position=11&pageNum=0&trk=public_jobs_jserp-result_search-card
Dynamics SCM Functional Consultant- Hyderabad                              ,Numaware Technologies Private Limited                                      ,"Hyderabad, Telangana, India"       ,https://in.linkedin.com/jobs/view/dynamics-scm-functional-consultant-hyderabad-at-numaware-technologies-private-limited-3816095309?refId=WlqTK%2FYHUubJF4tqr7JeKw%3D%3D&trackingId=uLgJkzHIVRIXNRZY21z1fA%3D%3D&position=12&pageNum=0&trk=public_jobs_jserp-result_search-card
Lead Consultant - Dynamics 365                                             ,TekWissen India                                                            ,"Hyderabad, Telangana, India"       ,https://in.linkedin.com/jobs/view/lead-consultant-dynamics-365-at-tekwissen-india-3813066602?refId=WlqTK%2FYHUubJF4tqr7JeKw%3D%3D&trackingId=AL5Nh3%2BqLGAB9o%2FjtNxhtA%3D%3D&position=13&pageNum=0&trk=public_jobs_jserp-result_search-card
Dynamics 365 Sales / CE Developer (CRM)                                    ,Techcronus Business Solutions - Microsoft Partner | IAMCP | NASSCOM Member ,"Ahmedabad, Gujarat, India"         ,https://in.linkedin.com/jobs/view/dynamics-365-sales-ce-developer-crm-at-techcronus-business-solutions-microsoft-partner-iamcp-nasscom-member-3816357645?refId=WlqTK%2FYHUubJF4tqr7JeKw%3D%3D&trackingId=OLBhNG4auli1mDQtstpQRw%3D%3D&position=14&pageNum=0&trk=public_jobs_jserp-result_search-card
System Analyst – F&O                                                       ,PreludeSys                                                                 ,"Chennai, Tamil Nadu, India"        ,https://in.linkedin.com/jobs/view/system-analyst-%E2%80%93-f-o-at-preludesys-3815756284?refId=WlqTK%2FYHUubJF4tqr7JeKw%3D%3D&trackingId=DARX1ckQAeIaom1zmaC8Ww%3D%3D&position=15&pageNum=0&trk=public_jobs_jserp-result_search-card
Lead Consultant - Dynamics 365                                             ,TekWissen India                                                            ,"Hyderabad, Telangana, India"       ,https://in.linkedin.com/jobs/view/lead-consultant-dynamics-365-at-tekwissen-india-3813164989?refId=WlqTK%2FYHUubJF4tqr7JeKw%3D%3D&trackingId=uI6IkpijuFj786bq4vT0dw%3D%3D&position=17&pageNum=0&trk=public_jobs_jserp-result_search-card
MS Dynamic 365 Finance and Operation Technical Consultant                  ,Snapminds Global (Snapminds Technolgies LLP)                               ,"Bengaluru, Karnataka, India"       ,https://in.linkedin.com/jobs/view/ms-dynamic-365-finance-and-operation-technical-consultant-at-snapminds-global-snapminds-technolgies-llp-3813177236?refId=WlqTK%2FYHUubJF4tqr7JeKw%3D%3D&trackingId=v78417vgtlPNARegPMNOig%3D%3D&position=18&pageNum=0&trk=public_jobs_jserp-result_search-card
Microsoft Dynamics 365 QA Engineer                                         ,PAR Technology                                                             ,"Gurugram, Haryana, India"          ,https://in.linkedin.com/jobs/view/microsoft-dynamics-365-qa-engineer-at-par-technology-3813181910?refId=WlqTK%2FYHUubJF4tqr7JeKw%3D%3D&trackingId=eguYRzKOwvDFDP1SJakUYg%3D%3D&position=19&pageNum=0&trk=public_jobs_jserp-result_search-card
D365 Production Consultant                                                 ,GeekBull Consulting                                                        ,"Hyderabad, Telangana, India"       ,https://in.linkedin.com/jobs/view/d365-production-consultant-at-geekbull-consulting-3813156165?refId=WlqTK%2FYHUubJF4tqr7JeKw%3D%3D&trackingId=OSrcsQ0cKVXAsPIH1myAMw%3D%3D&position=20&pageNum=0&trk=public_jobs_jserp-result_search-card
BDE                                                                        ,Uptake Infotech Pvt. Ltd                                                   ,"Ahmedabad, Gujarat, India"         ,https://in.linkedin.com/jobs/view/bde-at-uptake-infotech-pvt-ltd-3813073339?refId=WlqTK%2FYHUubJF4tqr7JeKw%3D%3D&trackingId=uLZ7Ai4IVTQvvzVManu8Xg%3D%3D&position=21&pageNum=0&trk=public_jobs_jserp-result_search-card
MATLAB/Simulink Developer_NIVITA                                           ,CodersBrain                                                                ,"Chennai, Tamil Nadu, India"        ,https://in.linkedin.com/jobs/view/matlab-simulink-developer-nivita-at-codersbrain-3817517234?refId=WlqTK%2FYHUubJF4tqr7JeKw%3D%3D&trackingId=FAtJfnzGkvEoSLcUsq6DQA%3D%3D&position=22&pageNum=0&trk=public_jobs_jserp-result_search-card
Microsoft D365 SCM Functional consultant                                   ,Strategic Resources International Inc                                      ,"Hyderabad, Telangana, India"       ,https://in.linkedin.com/jobs/view/microsoft-d365-scm-functional-consultant-at-strategic-resources-international-inc-3813190657?refId=WlqTK%2FYHUubJF4tqr7JeKw%3D%3D&trackingId=Q6svbsBATBZA%2F6pvox6wFw%3D%3D&position=23&pageNum=0&trk=public_jobs_jserp-result_search-card
Computational Fluid Dynamics Engineer                                      ,EpitronX                                                                   ,"Pune, Maharashtra, India"          ,https://in.linkedin.com/jobs/view/computational-fluid-dynamics-engineer-at-epitronx-3813193078?refId=WlqTK%2FYHUubJF4tqr7JeKw%3D%3D&trackingId=wcvCnwFi2t7YyhrKh%2Fx6ag%3D%3D&position=24&pageNum=0&trk=public_jobs_jserp-result_search-card
CRM Dynamics Developer                                                     ,LMTEQ                                                                      ,"Hyderabad, Telangana, India"       ,https://in.linkedin.com/jobs/view/crm-dynamics-developer-at-lmteq-3810608507?refId=WlqTK%2FYHUubJF4tqr7JeKw%3D%3D&trackingId=tLoIvRoE9Y%2BnATG10mI7Bg%3D%3D&position=25&pageNum=0&trk=public_jobs_jserp-result_search-card
Microsoft Dynamics 365 F&O Developer                                       ,RapidBrains                                                                ,"Bengaluru, Karnataka, India"       ,https://in.linkedin.com/jobs/view/microsoft-dynamics-365-f-o-developer-at-rapidbrains-3813182067?refId=1UFJjeE8QmN3BgPvR8y47A%3D%3D&trackingId=EOrcVQGGHTQWf24UEP0xIQ%3D%3D&position=1&pageNum=0&trk=public_jobs_jserp-result_search-card
Microsoft Dynamics Engineer                                                ,Talent Smart                                                               ,"Hyderabad, Telangana, India"       ,https://in.linkedin.com/jobs/view/microsoft-dynamics-engineer-at-talent-smart-3813061309?refId=1UFJjeE8QmN3BgPvR8y47A%3D%3D&trackingId=qafcU3yhC0xXii9RhY9Xpw%3D%3D&position=2&pageNum=0&trk=public_jobs_jserp-result_search-card
GPS_TC_FO_Getinz                                                           ,Getinz                                                                     ,"Chennai, Tamil Nadu, India"        ,https://in.linkedin.com/jobs/view/gps-tc-fo-getinz-at-getinz-3817406529?refId=1UFJjeE8QmN3BgPvR8y47A%3D%3D&trackingId=KFkdDBmJ04X7QhHK0ToJAA%3D%3D&position=3&pageNum=0&trk=public_jobs_jserp-result_search-card
Microsoft Dynamics Consultant                                              ,VAYUZ Technologies                                                         ,"Mumbai, Maharashtra, India"        ,https://in.linkedin.com/jobs/view/microsoft-dynamics-consultant-at-vayuz-technologies-3816331423?refId=1UFJjeE8QmN3BgPvR8y47A%3D%3D&trackingId=dzY6BBbNW2n5rZz4Ovkl8Q%3D%3D&position=4&pageNum=0&trk=public_jobs_jserp-result_search-card
Dynamics CRM 365                                                           ,Enuke Software Pvt Ltd                                                     ,India                               ,https://in.linkedin.com/jobs/view/dynamics-crm-365-at-enuke-software-pvt-ltd-3816350273?refId=1UFJjeE8QmN3BgPvR8y47A%3D%3D&trackingId=Ud7ppR4wB5DEUhslHC2blg%3D%3D&position=5&pageNum=0&trk=public_jobs_jserp-result_search-card
Microsoft Dynamics 365 F&O Technical Consultant                            ,AXTechnosoft                                                               ,"Gurugram, Haryana, India"          ,https://in.linkedin.com/jobs/view/microsoft-dynamics-365-f-o-technical-consultant-at-axtechnosoft-3817547527?refId=1UFJjeE8QmN3BgPvR8y47A%3D%3D&trackingId=ckJmwywjSzodmztroeA0eQ%3D%3D&position=6&pageNum=0&trk=public_jobs_jserp-result_search-card
Sr Microsoft Dynamics developer                                            ,Siemens                                                                    ,"Bengaluru, Karnataka, India"       ,https://in.linkedin.com/jobs/view/sr-microsoft-dynamics-developer-at-siemens-3797567642?refId=1UFJjeE8QmN3BgPvR8y47A%3D%3D&trackingId=ViNnxNCsF85tlTnodbpFvg%3D%3D&position=7&pageNum=0&trk=public_jobs_jserp-result_search-card
dynamic 365 CRM technical consultant                                       ,AviinTech Business Solutions                                               ,India                               ,https://in.linkedin.com/jobs/view/dynamic-365-crm-technical-consultant-at-aviintech-business-solutions-3817528248?refId=1UFJjeE8QmN3BgPvR8y47A%3D%3D&trackingId=rPpFmglBNUI9YWgtr%2FxFzA%3D%3D&position=8&pageNum=0&trk=public_jobs_jserp-result_search-card
Dynamics 365 Sales / CE Developer (CRM)                                    ,Techcronus Business Solutions - Microsoft Partner | IAMCP | NASSCOM Member ,"Ahmedabad, Gujarat, India"         ,https://in.linkedin.com/jobs/view/dynamics-365-sales-ce-developer-crm-at-techcronus-business-solutions-microsoft-partner-iamcp-nasscom-member-3816357645?refId=1UFJjeE8QmN3BgPvR8y47A%3D%3D&trackingId=q0k7iviwDQDEYV8dH9cPSA%3D%3D&position=9&pageNum=0&trk=public_jobs_jserp-result_search-card
Technical Consultant D365                                                  ,TekWissen India                                                            ,"Indore, Madhya Pradesh, India"     ,https://in.linkedin.com/jobs/view/technical-consultant-d365-at-tekwissen-india-3813169921?refId=1UFJjeE8QmN3BgPvR8y47A%3D%3D&trackingId=ySJpSwJQDDvHxy9vM%2BvWrg%3D%3D&position=10&pageNum=0&trk=public_jobs_jserp-result_search-card
Lead Consultant - Dynamics 365                                             ,TekWissen India                                                            ,"Hyderabad, Telangana, India"       ,https://in.linkedin.com/jobs/view/lead-consultant-dynamics-365-at-tekwissen-india-3813164989?refId=1UFJjeE8QmN3BgPvR8y47A%3D%3D&trackingId=QucSaD59Li8RF5juYTesGQ%3D%3D&position=11&pageNum=0&trk=public_jobs_jserp-result_search-card
Dynamics SCM Functional Consultant- Hyderabad                              ,Numaware Technologies Private Limited                                      ,"Hyderabad, Telangana, India"       ,https://in.linkedin.com/jobs/view/dynamics-scm-functional-consultant-hyderabad-at-numaware-technologies-private-limited-3816095309?refId=1UFJjeE8QmN3BgPvR8y47A%3D%3D&trackingId=WNYoPTAukntgWCqo9LTE3Q%3D%3D&position=12&pageNum=0&trk=public_jobs_jserp-result_search-card
MS Dynamics F&O Technical consultant                                       ,Talent Smart                                                               ,India                               ,https://in.linkedin.com/jobs/view/ms-dynamics-f-o-technical-consultant-at-talent-smart-3813032675?refId=1UFJjeE8QmN3BgPvR8y47A%3D%3D&trackingId=JhYpsqBrjHilvdawUDiiJw%3D%3D&position=13&pageNum=0&trk=public_jobs_jserp-result_search-card
Lead Consultant - Dynamics 365                                             ,TekWissen India                                                            ,"Hyderabad, Telangana, India"       ,https://in.linkedin.com/jobs/view/lead-consultant-dynamics-365-at-tekwissen-india-3813066602?refId=1UFJjeE8QmN3BgPvR8y47A%3D%3D&trackingId=7gkehRtUaO3eRbm6ua2%2FWQ%3D%3D&position=14&pageNum=0&trk=public_jobs_jserp-result_search-card
Dynamics 365 CRM Technical consultant                                      ,Tata Consultancy Services                                                  ,"Pune, Maharashtra, India"          ,https://in.linkedin.com/jobs/view/dynamics-365-crm-technical-consultant-at-tata-consultancy-services-3813067183?refId=1UFJjeE8QmN3BgPvR8y47A%3D%3D&trackingId=V8ZIYt0cvKdYBR13ti0HiQ%3D%3D&position=15&pageNum=0&trk=public_jobs_jserp-result_search-card
Microsoft Dynamics Consultant(Technical)                                   ,Marktine Technology Solutions Pvt Ltd                                      ,India                               ,https://in.linkedin.com/jobs/view/microsoft-dynamics-consultant-technical-at-marktine-technology-solutions-pvt-ltd-3813171263?refId=1UFJjeE8QmN3BgPvR8y47A%3D%3D&trackingId=YaBfaTpbdIoRyVQIK%2FRTSQ%3D%3D&position=16&pageNum=0&trk=public_jobs_jserp-result_search-card
Senior Dynamics 365 F&O Technical Consultant                               ,TekWissen India                                                            ,"Hyderabad, Telangana, India"       ,https://in.linkedin.com/jobs/view/senior-dynamics-365-f-o-technical-consultant-at-tekwissen-india-3813171122?refId=1UFJjeE8QmN3BgPvR8y47A%3D%3D&trackingId=ygcfKRbrTNicTGiRuINx1w%3D%3D&position=17&pageNum=0&trk=public_jobs_jserp-result_search-card
Urgently Hiring || Microsoft Dynamics CRM Technical || 6-15 Years | Remote ,DigitalResumeBox                                                           ,India                               ,https://in.linkedin.com/jobs/view/urgently-hiring-microsoft-dynamics-crm-technical-6-15-years-remote-at-digitalresumebox-3813172190?refId=1UFJjeE8QmN3BgPvR8y47A%3D%3D&trackingId=99H7I5JZQBYUBWThzorhGA%3D%3D&position=19&pageNum=0&trk=public_jobs_jserp-result_search-card
Lead Consultant - Dynamics 365                                             ,TekWissen India                                                            ,"Pune, Maharashtra, India"          ,https://in.linkedin.com/jobs/view/lead-consultant-dynamics-365-at-tekwissen-india-3813167702?refId=1UFJjeE8QmN3BgPvR8y47A%3D%3D&trackingId=7j1Udqe4Ze%2FhB2l9KTuJ9A%3D%3D&position=20&pageNum=0&trk=public_jobs_jserp-result_search-card
Microsoft Dynamics 365 QA Engineer                                         ,PAR Technology                                                             ,"Gurugram, Haryana, India"          ,https://in.linkedin.com/jobs/view/microsoft-dynamics-365-qa-engineer-at-par-technology-3813181910?refId=1UFJjeE8QmN3BgPvR8y47A%3D%3D&trackingId=Lj1zDYu1jEsaJIoewV4%2FXA%3D%3D&position=21&pageNum=0&trk=public_jobs_jserp-result_search-card
HR Management For Microsoft Dynamics 365 (English)                         ,Nilasu Consulting Services Pvt. Ltd.                                       ,"Bangalore Rural, Karnataka, India" ,https://in.linkedin.com/jobs/view/hr-management-for-microsoft-dynamics-365-english-at-nilasu-consulting-services-pvt-ltd-3815795230?refId=1UFJjeE8QmN3BgPvR8y47A%3D%3D&trackingId=5Yw4kgkf%2F4BWEmOLNESC5g%3D%3D&position=22&pageNum=0&trk=public_jobs_jserp-result_search-card
D365 Production Consultant                                                 ,GeekBull Consulting                                                        ,"Hyderabad, Telangana, India"       ,https://in.linkedin.com/jobs/view/d365-production-consultant-at-geekbull-consulting-3813156165?refId=1UFJjeE8QmN3BgPvR8y47A%3D%3D&trackingId=A0grsEtKay21wVltSP1dUA%3D%3D&position=23&pageNum=0&trk=public_jobs_jserp-result_search-card
BDE                                                                        ,Uptake Infotech Pvt. Ltd                                                   ,"Ahmedabad, Gujarat, India"         ,https://in.linkedin.com/jobs/view/bde-at-uptake-infotech-pvt-ltd-3813073339?refId=1UFJjeE8QmN3BgPvR8y47A%3D%3D&trackingId=AINAyqbxYLuum8Gz6mG5CQ%3D%3D&position=24&pageNum=0&trk=public_jobs_jserp-result_search-card
Microsoft D365 SCM Functional consultant                                   ,Strategic Resources International Inc                                      ,"Hyderabad, Telangana, India"       ,https://in.linkedin.com/jobs/view/microsoft-d365-scm-functional-consultant-at-strategic-resources-international-inc-3813190657?refId=1UFJjeE8QmN3BgPvR8y47A%3D%3D&trackingId=qzw8zcY7jjv080dviOPfvw%3D%3D&position=25&pageNum=0&trk=public_jobs_jserp-result_search-card
Microsoft Dynamics 365 F&O Developer                                       ,RapidBrains                                                                ,"Bengaluru, Karnataka, India"       ,https://in.linkedin.com/jobs/view/microsoft-dynamics-365-f-o-developer-at-rapidbrains-3813182067?refId=Kglp8H2Cdv0FAQTdkehtJA%3D%3D&trackingId=RglSVYnFBu1IQBQdzxUTkw%3D%3D&position=1&pageNum=0&trk=public_jobs_jserp-result_search-card
Microsoft Dynamics Engineer                                                ,Talent Smart                                                               ,"Hyderabad, Telangana, India"       ,https://in.linkedin.com/jobs/view/microsoft-dynamics-engineer-at-talent-smart-3813061309?refId=Kglp8H2Cdv0FAQTdkehtJA%3D%3D&trackingId=Zpdig0aldO300bVtxqlvhQ%3D%3D&position=2&pageNum=0&trk=public_jobs_jserp-result_search-card
GPS_TC_FO_Getinz                                                           ,Getinz                                                                     ,"Chennai, Tamil Nadu, India"        ,https://in.linkedin.com/jobs/view/gps-tc-fo-getinz-at-getinz-3817406529?refId=Kglp8H2Cdv0FAQTdkehtJA%3D%3D&trackingId=d6K%2BQDJ3nJsgAO4vxYhGbA%3D%3D&position=3&pageNum=0&trk=public_jobs_jserp-result_search-card
Microsoft Dynamics Consultant                                              ,VAYUZ Technologies                                                         ,"Mumbai, Maharashtra, India"        ,https://in.linkedin.com/jobs/view/microsoft-dynamics-consultant-at-vayuz-technologies-3816331423?refId=Kglp8H2Cdv0FAQTdkehtJA%3D%3D&trackingId=UEOJq%2FICMX6ziAAT7TRt3g%3D%3D&position=4&pageNum=0&trk=public_jobs_jserp-result_search-card
Microsoft Dynamics 365 F&O Technical Consultant                            ,AXTechnosoft                                                               ,"Gurugram, Haryana, India"          ,https://in.linkedin.com/jobs/view/microsoft-dynamics-365-f-o-technical-consultant-at-axtechnosoft-3817547527?refId=Kglp8H2Cdv0FAQTdkehtJA%3D%3D&trackingId=uW1lXwSpgxbdtyIJjkeLxA%3D%3D&position=5&pageNum=0&trk=public_jobs_jserp-result_search-card
Dynamics CRM 365                                                           ,Enuke Software Pvt Ltd                                                     ,India                               ,https://in.linkedin.com/jobs/view/dynamics-crm-365-at-enuke-software-pvt-ltd-3816350273?refId=Kglp8H2Cdv0FAQTdkehtJA%3D%3D&trackingId=m8%2B4CXED5nzbzccasC0P6Q%3D%3D&position=6&pageNum=0&trk=public_jobs_jserp-result_search-card
Microsoft Dynamics Consultant                                              ,"Q1 Technologies, Inc."                                                    ,"Bengaluru, Karnataka, India"       ,https://in.linkedin.com/jobs/view/microsoft-dynamics-consultant-at-q1-technologies-inc-3813159820?refId=Kglp8H2Cdv0FAQTdkehtJA%3D%3D&trackingId=t1VZ9jogkaPVZf6yN3sP%2BQ%3D%3D&position=7&pageNum=0&trk=public_jobs_jserp-result_search-card
Sr Microsoft Dynamics developer                                            ,Siemens                                                                    ,"Bengaluru, Karnataka, India"       ,https://in.linkedin.com/jobs/view/sr-microsoft-dynamics-developer-at-siemens-3797567642?refId=Kglp8H2Cdv0FAQTdkehtJA%3D%3D&trackingId=XKS8fHYGSM541FOZE3I54g%3D%3D&position=8&pageNum=0&trk=public_jobs_jserp-result_search-card
dynamic 365 CRM technical consultant                                       ,AviinTech Business Solutions                                               ,India                               ,https://in.linkedin.com/jobs/view/dynamic-365-crm-technical-consultant-at-aviintech-business-solutions-3817528248?refId=Kglp8H2Cdv0FAQTdkehtJA%3D%3D&trackingId=SvJZM6q5p%2BTzgQi%2FpD%2BA%2FA%3D%3D&position=9&pageNum=0&trk=public_jobs_jserp-result_search-card
Senior Microsoft Dynamics CRM/365 Consultant                               ,Bizzman Web Pvt Ltd                                                        ,India                               ,https://in.linkedin.com/jobs/view/senior-microsoft-dynamics-crm-365-consultant-at-bizzman-web-pvt-ltd-3813107066?refId=Kglp8H2Cdv0FAQTdkehtJA%3D%3D&trackingId=jaFmp6WvTwvBHbxxWqg9Ww%3D%3D&position=10&pageNum=0&trk=public_jobs_jserp-result_search-card
Dynamics 365 Business Central / Navision                                   ,Excelencia                                                                 ,India                               ,https://in.linkedin.com/jobs/view/dynamics-365-business-central-navision-at-excelencia-3813075449?refId=Kglp8H2Cdv0FAQTdkehtJA%3D%3D&trackingId=B9AZKGZueOKXP%2BordC7%2F4A%3D%3D&position=11&pageNum=0&trk=public_jobs_jserp-result_search-card
Dynamics 365 Sales / CE Developer (CRM)                                    ,Techcronus Business Solutions - Microsoft Partner | IAMCP | NASSCOM Member ,"Ahmedabad, Gujarat, India"         ,https://in.linkedin.com/jobs/view/dynamics-365-sales-ce-developer-crm-at-techcronus-business-solutions-microsoft-partner-iamcp-nasscom-member-3816357645?refId=Kglp8H2Cdv0FAQTdkehtJA%3D%3D&trackingId=gfkH7Qw2fFfLdla6pX5T8g%3D%3D&position=12&pageNum=0&trk=public_jobs_jserp-result_search-card
Microsoft Dynamics Consultant                                              ,TekWissen India                                                            ,"Hyderabad, Telangana, India"       ,https://in.linkedin.com/jobs/view/microsoft-dynamics-consultant-at-tekwissen-india-3813065615?refId=Kglp8H2Cdv0FAQTdkehtJA%3D%3D&trackingId=qBhlSIMnEekpFFO8AuV3ow%3D%3D&position=13&pageNum=0&trk=public_jobs_jserp-result_search-card
Business System Analyst with Power BI or Tableau                           ,STL - Sterlite Technologies Limited                                        ,"Bengaluru, Karnataka, India"       ,https://in.linkedin.com/jobs/view/business-system-analyst-with-power-bi-or-tableau-at-stl-sterlite-technologies-limited-3813078526?refId=Kglp8H2Cdv0FAQTdkehtJA%3D%3D&trackingId=sjcZkNPVaU%2Fn5vNR8561rg%3D%3D&position=14&pageNum=0&trk=public_jobs_jserp-result_search-card
Microsoft Dynamics 365 CRM Developer                                       ,Pascalcase                                                                 ,"Hyderabad, Telangana, India"       ,https://in.linkedin.com/jobs/view/microsoft-dynamics-365-crm-developer-at-pascalcase-3792911822?refId=Kglp8H2Cdv0FAQTdkehtJA%3D%3D&trackingId=YYgf5%2Byn1Hw5T4zBmOzwNQ%3D%3D&position=15&pageNum=0&trk=public_jobs_jserp-result_search-card
Technical Consultant D365                                                  ,TekWissen India                                                            ,"Indore, Madhya Pradesh, India"     ,https://in.linkedin.com/jobs/view/technical-consultant-d365-at-tekwissen-india-3813169921?refId=Kglp8H2Cdv0FAQTdkehtJA%3D%3D&trackingId=2fFGRfQjbilqCpriE0AyjQ%3D%3D&position=16&pageNum=0&trk=public_jobs_jserp-result_search-card
Lead Consultant - Dynamics 365                                             ,TekWissen India                                                            ,"Pune, Maharashtra, India"          ,https://in.linkedin.com/jobs/view/lead-consultant-dynamics-365-at-tekwissen-india-3813167702?refId=Kglp8H2Cdv0FAQTdkehtJA%3D%3D&trackingId=H6Z%2BmgaXnGsVIwzB1mT0MQ%3D%3D&position=17&pageNum=0&trk=public_jobs_jserp-result_search-card
Microsoft Dynamics Consultant(Technical)                                   ,Marktine Technology Solutions Pvt Ltd                                      ,India                               ,https://in.linkedin.com/jobs/view/microsoft-dynamics-consultant-technical-at-marktine-technology-solutions-pvt-ltd-3813171263?refId=Kglp8H2Cdv0FAQTdkehtJA%3D%3D&trackingId=cP2%2BKxbFD3moyzUoBk4MlA%3D%3D&position=18&pageNum=0&trk=public_jobs_jserp-result_search-card
MS Dynamics F&O Technical consultant                                       ,Talent Smart                                                               ,India                               ,https://in.linkedin.com/jobs/view/ms-dynamics-f-o-technical-consultant-at-talent-smart-3813032675?refId=Kglp8H2Cdv0FAQTdkehtJA%3D%3D&trackingId=FnccMvYoiNfaekEC05dEfQ%3D%3D&position=19&pageNum=0&trk=public_jobs_jserp-result_search-card
Urgently Hiring || Microsoft Dynamics CRM Technical || 6-15 Years | Remote ,DigitalResumeBox                                                           ,India                               ,https://in.linkedin.com/jobs/view/urgently-hiring-microsoft-dynamics-crm-technical-6-15-years-remote-at-digitalresumebox-3813172190?refId=Kglp8H2Cdv0FAQTdkehtJA%3D%3D&trackingId=aKRHbHUtvh1fLJkCl3JPug%3D%3D&position=20&pageNum=0&trk=public_jobs_jserp-result_search-card
Power Apps Developer                                                       ,KainSkep                                                                   ,"Jaipur, Rajasthan, India"          ,https://in.linkedin.com/jobs/view/power-apps-developer-at-kainskep-3813068257?refId=Kglp8H2Cdv0FAQTdkehtJA%3D%3D&trackingId=1zYE7qLTYYx5a4rv7GrAcw%3D%3D&position=21&pageNum=0&trk=public_jobs_jserp-result_search-card
Lead Consultant - Dynamics 365                                             ,TekWissen India                                                            ,"Hyderabad, Telangana, India"       ,https://in.linkedin.com/jobs/view/lead-consultant-dynamics-365-at-tekwissen-india-3813164989?refId=Kglp8H2Cdv0FAQTdkehtJA%3D%3D&trackingId=Xf5KxrWm10eb0Sce0GrzhQ%3D%3D&position=22&pageNum=0&trk=public_jobs_jserp-result_search-card
Dynamics SCM Functional Consultant- Hyderabad                              ,Numaware Technologies Private Limited                                      ,"Hyderabad, Telangana, India"       ,https://in.linkedin.com/jobs/view/dynamics-scm-functional-consultant-hyderabad-at-numaware-technologies-private-limited-3816095309?refId=Kglp8H2Cdv0FAQTdkehtJA%3D%3D&trackingId=LAUYGIiGUZPbU98FDH0TLw%3D%3D&position=23&pageNum=0&trk=public_jobs_jserp-result_search-card
Dynamics 365 CRM Technical consultant                                      ,Tata Consultancy Services                                                  ,"Pune, Maharashtra, India"          ,https://in.linkedin.com/jobs/view/dynamics-365-crm-technical-consultant-at-tata-consultancy-services-3813067183?refId=Kglp8H2Cdv0FAQTdkehtJA%3D%3D&trackingId=sogTdmmE%2Fj8TJnpzF64Cbw%3D%3D&position=24&pageNum=0&trk=public_jobs_jserp-result_search-card
Lead Consultant - Dynamics 365                                             ,TekWissen India                                                            ,"Hyderabad, Telangana, India"       ,https://in.linkedin.com/jobs/view/lead-consultant-dynamics-365-at-tekwissen-india-3813066602?refId=Kglp8H2Cdv0FAQTdkehtJA%3D%3D&trackingId=CH7UKfGhGzoLmpWOORmiNw%3D%3D&position=25&pageNum=0&trk=public_jobs_jserp-result_search-card
